residue,max_run_1s,max_run_0s,hamming_weight,alternation_score,trailing_ones,trailing_zeros_3n1,mod_3,mod_9,mod_27,bit_entropy,avg_odd_mult,leading_ones,leading_zeros,trailing_zeros,longest_alternating_run,block_count,run_length_entropy,binary_compressibility,max_run_0s_dup,count,avg_steps,avg_peak,avg_v2
1,1.0000,9.0000,1.0000,1.0000,1.0000,2.0000,1.0000,1.0000,1.0000,0.4690,0.9356,0.0000,9.0000,0.0000,2.0000,2.0000,0.4690,5.0000,9.0000,48829,114.7157,46499939.6961,0.0000
3,2.0000,8.0000,2.0000,1.0000,2.0000,1.0000,0.0000,3.0000,3.0000,0.7219,0.9498,0.0000,8.0000,0.0000,2.0000,2.0000,0.7219,5.0000,8.0000,48829,114.7158,60330669.3491,0.0000
5,1.0000,7.0000,2.0000,3.0000,1.0000,4.0000,2.0000,5.0000,5.0000,0.7219,0.9198,0.0000,7.0000,0.0000,4.0000,4.0000,1.3568,2.5000,7.0000,48829,107.1131,32197632.9629,0.0000
7,3.0000,7.0000,3.0000,1.0000,3.0000,1.0000,1.0000,7.0000,7.0000,0.8813,0.9544,0.0000,7.0000,0.0000,2.0000,2.0000,0.8813,5.0000,7.0000,48829,114.7159,77756920.9457,0.0000
9,1.0000,6.0000,2.0000,3.0000,1.0000,2.0000,0.0000,0.0000,9.0000,0.7219,0.9678,0.0000,6.0000,0.0000,3.0000,4.0000,1.5710,2.5000,6.0000,48829,122.2665,198962230.4774,0.0000
11,2.0000,6.0000,3.0000,3.0000,2.0000,1.0000,2.0000,2.0000,11.0000,0.8813,0.9337,0.0000,6.0000,0.0000,4.0000,4.0000,1.5710,2.5000,6.0000,48829,107.1132,44259253.5078,0.0000
13,2.0000,6.0000,3.0000,3.0000,1.0000,3.0000,1.0000,4.0000,13.0000,0.8813,0.9225,0.0000,6.0000,0.0000,3.0000,4.0000,1.5710,2.5000,6.0000,48829,107.1873,32823515.9132,0.0000
15,4.0000,6.0000,4.0000,1.0000,4.0000,1.0000,0.0000,6.0000,15.0000,0.9710,0.9696,0.0000,6.0000,0.0000,2.0000,2.0000,0.9710,5.0000,6.0000,48829,114.8660,142730046.6748,0.0000
17,1.0000,5.0000,2.0000,3.0000,1.0000,2.0000,2.0000,8.0000,17.0000,0.7219,0.9225,0.0000,5.0000,0.0000,3.0000,4.0000,1.6855,2.5000,5.0000,48829,107.1873,32823519.7367,0.0000
19,2.0000,5.0000,3.0000,3.0000,2.0000,1.0000,1.0000,1.0000,19.0000,0.8813,0.9541,0.0000,5.0000,0.0000,3.0000,4.0000,1.7610,2.5000,5.0000,48829,114.7572,63142907.8096,0.0000
21,1.0000,5.0000,3.0000,5.0000,1.0000,6.0000,0.0000,3.0000,21.0000,0.8813,0.9116,0.0000,5.0000,0.0000,6.0000,6.0000,2.1610,1.6667,5.0000,48829,99.6495,26716010.1320,0.0000
23,3.0000,5.0000,4.0000,3.0000,3.0000,1.0000,2.0000,5.0000,23.0000,0.9710,0.9479,0.0000,5.0000,0.0000,4.0000,4.0000,1.6855,2.5000,5.0000,48829,107.1873,63203144.5399,0.0000
25,2.0000,5.0000,3.0000,3.0000,1.0000,2.0000,1.0000,7.0000,25.0000,0.8813,0.9684,0.0000,5.0000,0.0000,2.0000,4.0000,1.7610,2.5000,5.0000,48829,122.5543,121685921.9882,0.0000
27,2.0000,5.0000,4.0000,3.0000,2.0000,1.0000,0.0000,0.0000,0.0000,0.9710,1.0082,0.0000,5.0000,0.0000,3.0000,4.0000,1.7610,2.5000,5.0000,48829,137.7588,928660504.9875,0.0000
29,3.0000,5.0000,4.0000,3.0000,1.0000,3.0000,2.0000,2.0000,2.0000,0.9710,0.9460,0.0000,5.0000,0.0000,3.0000,4.0000,1.6855,2.5000,5.0000,48829,114.9168,50457017.0874,0.0000
31,5.0000,5.0000,5.0000,1.0000,5.0000,1.0000,1.0000,4.0000,4.0000,1.0000,1.0078,0.0000,5.0000,0.0000,2.0000,2.0000,1.0000,5.0000,5.0000,48829,137.5405,1034390358.3974,0.0000
33,1.0000,4.0000,2.0000,3.0000,1.0000,2.0000,0.0000,6.0000,6.0000,0.7219,0.9678,0.0000,4.0000,0.0000,3.0000,4.0000,1.7219,2.5000,4.0000,48829,122.3533,106610810.5952,0.0000
35,2.0000,4.0000,3.0000,3.0000,2.0000,1.0000,2.0000,8.0000,8.0000,0.8813,0.9236,0.0000,4.0000,0.0000,3.0000,4.0000,1.8464,2.5000,4.0000,48829,99.6496,39065487.0352,0.0000
37,1.0000,4.0000,3.0000,5.0000,1.0000,4.0000,1.0000,1.0000,10.0000,0.8813,0.9554,0.0000,4.0000,0.0000,4.0000,6.0000,2.3219,1.6667,4.0000,48829,114.8272,50278062.6142,0.0000
39,3.0000,4.0000,4.0000,3.0000,3.0000,1.0000,0.0000,3.0000,12.0000,0.9710,0.9789,0.0000,4.0000,0.0000,3.0000,4.0000,1.8464,2.5000,4.0000,48829,122.4264,151209539.7755,0.0000
41,1.0000,4.0000,3.0000,5.0000,1.0000,2.0000,2.0000,5.0000,14.0000,0.8813,0.9910,0.0000,4.0000,0.0000,5.0000,6.0000,2.3219,1.6667,4.0000,48829,130.0358,352195271.1564,0.0000
43,2.0000,4.0000,4.0000,5.0000,2.0000,1.0000,1.0000,7.0000,16.0000,0.9710,0.9495,0.0000,4.0000,0.0000,6.0000,6.0000,2.3219,1.6667,4.0000,48829,114.6185,61864482.9796,0.0000
45,2.0000,4.0000,4.0000,5.0000,1.0000,3.0000,0.0000,0.0000,18.0000,0.9710,0.9158,0.0000,4.0000,0.0000,4.0000,6.0000,2.3219,1.6667,4.0000,48829,107.2668,33239388.4191,0.0000
47,4.0000,4.0000,5.0000,3.0000,4.0000,1.0000,2.0000,2.0000,20.0000,1.0000,0.9910,0.0000,4.0000,0.0000,4.0000,4.0000,1.7219,2.5000,4.0000,48829,129.9070,442579436.7183,0.0000
49,2.0000,4.0000,3.0000,3.0000,1.0000,2.0000,1.0000,4.0000,22.0000,0.8813,0.9559,0.0000,4.0000,0.0000,2.0000,4.0000,1.8464,2.5000,4.0000,48829,114.9144,51471709.8470,0.0000
51,2.0000,4.0000,4.0000,3.0000,2.0000,1.0000,0.0000,6.0000,24.0000,0.9710,0.9519,0.0000,4.0000,0.0000,2.0000,4.0000,1.9219,2.5000,4.0000,48829,114.9144,62639807.6548,0.0000
53,2.0000,4.0000,4.0000,5.0000,1.0000,5.0000,2.0000,8.0000,26.0000,0.9710,0.9109,0.0000,4.0000,0.0000,5.0000,6.0000,2.3219,1.6667,4.0000,48829,99.7464,27126747.3287,0.0000
55,3.0000,4.0000,5.0000,3.0000,3.0000,1.0000,1.0000,1.0000,1.0000,1.0000,0.9978,0.0000,4.0000,0.0000,3.0000,4.0000,1.8464,2.5000,4.0000,48829,130.0210,740355434.2709,0.0000
57,3.0000,4.0000,4.0000,3.0000,1.0000,2.0000,0.0000,3.0000,3.0000,0.9710,0.9463,0.0000,4.0000,0.0000,2.0000,4.0000,1.8464,2.5000,4.0000,48829,114.6557,58190234.0286,0.0000
59,3.0000,4.0000,5.0000,3.0000,2.0000,1.0000,2.0000,5.0000,5.0000,1.0000,0.9790,0.0000,4.0000,0.0000,3.0000,4.0000,1.8464,2.5000,4.0000,48829,122.1950,123602333.6898,0.0000
61,4.0000,4.0000,5.0000,3.0000,1.0000,3.0000,1.0000,7.0000,7.0000,1.0000,0.9509,0.0000,4.0000,0.0000,3.0000,4.0000,1.7219,2.5000,4.0000,48829,107.4361,30661898.6091,0.0000
63,6.0000,4.0000,6.0000,1.0000,6.0000,1.0000,0.0000,0.0000,9.0000,0.9710,1.0028,0.0000,4.0000,0.0000,2.0000,2.0000,0.9710,5.0000,4.0000,48829,129.7695,628590986.5407,0.0000
65,1.0000,5.0000,2.0000,3.0000,1.0000,2.0000,2.0000,2.0000,11.0000,0.7219,0.9501,0.0000,3.0000,0.0000,3.0000,4.0000,1.6855,2.5000,5.0000,48829,114.9666,52249666.3292,0.0000
67,2.0000,4.0000,3.0000,3.0000,2.0000,1.0000,1.0000,4.0000,13.0000,0.8813,0.9581,0.0000,3.0000,0.0000,3.0000,4.0000,1.8464,2.5000,4.0000,48829,114.9666,63432386.5896,0.0000
69,1.0000,3.0000,3.0000,5.0000,1.0000,4.0000,0.0000,6.0000,15.0000,0.8813,0.8991,0.0000,3.0000,0.0000,4.0000,6.0000,2.3710,1.6667,3.0000,48829,99.7464,27126763.1042,0.0000
71,3.0000,3.0000,4.0000,3.0000,3.0000,1.0000,2.0000,8.0000,17.0000,0.9710,0.9865,0.0000,3.0000,0.0000,3.0000,4.0000,1.8955,2.5000,3.0000,48829,129.9276,394958421.3717,0.0000
73,1.0000,3.0000,3.0000,5.0000,1.0000,2.0000,1.0000,1.0000,19.0000,0.8813,0.9935,0.0000,3.0000,0.0000,3.0000,6.0000,2.4464,1.6667,3.0000,48829,130.1665,434891136.2137,0.0000
75,2.0000,3.0000,4.0000,5.0000,2.0000,1.0000,0.0000,3.0000,21.0000,0.9710,0.9390,0.0000,3.0000,0.0000,4.0000,6.0000,2.4464,1.6667,3.0000,48829,99.7464,39481439.2911,0.0000
77,2.0000,3.0000,4.0000,5.0000,1.0000,3.0000,2.0000,5.0000,23.0000,0.9710,0.9457,0.0000,3.0000,0.0000,3.0000,6.0000,2.4464,1.6667,3.0000,48829,114.6570,51906591.6255,0.0000
79,4.0000,3.0000,5.0000,3.0000,4.0000,1.0000,1.0000,7.0000,25.0000,1.0000,0.9675,0.0000,3.0000,0.0000,3.0000,4.0000,1.8464,2.5000,3.0000,48829,114.5096,107908199.9642,0.0000
81,1.0000,3.0000,3.0000,5.0000,1.0000,2.0000,0.0000,0.0000,0.0000,0.8813,0.9543,0.0000,3.0000,0.0000,5.0000,6.0000,2.3710,1.6667,3.0000,48829,114.6570,51906595.0978,0.0000
83,2.0000,3.0000,4.0000,5.0000,2.0000,1.0000,2.0000,2.0000,2.0000,0.9710,0.9930,0.0000,3.0000,0.0000,5.0000,6.0000,2.4464,1.6667,3.0000,48829,130.1064,343653036.9217,0.0000
85,1.0000,3.0000,4.0000,7.0000,1.0000,8.0000,1.0000,4.0000,4.0000,0.9710,0.9039,0.0000,3.0000,0.0000,8.0000,8.0000,2.8464,1.2500,3.0000,48829,92.2259,25881848.5282,0.0000
87,3.0000,3.0000,5.0000,5.0000,3.0000,1.0000,0.0000,6.0000,6.0000,1.0000,0.9475,0.0000,3.0000,0.0000,6.0000,6.0000,2.3710,1.6667,3.0000,48829,107.3405,62633692.9776,0.0000
89,2.0000,3.0000,4.0000,5.0000,1.0000,2.0000,2.0000,8.0000,8.0000,0.9710,0.9557,0.0000,3.0000,0.0000,4.0000,6.0000,2.4464,1.6667,3.0000,48829,114.9514,50058895.4145,0.0000
91,2.0000,3.0000,5.0000,5.0000,2.0000,1.0000,1.0000,1.0000,10.0000,1.0000,1.0078,0.0000,3.0000,0.0000,4.0000,6.0000,2.4464,1.6667,3.0000,48829,137.3879,1223967636.4336,0.0000
93,3.0000,3.0000,5.0000,5.0000,1.0000,3.0000,0.0000,3.0000,12.0000,1.0000,0.9386,0.0000,3.0000,0.0000,4.0000,6.0000,2.3710,1.6667,3.0000,48829,107.3304,31406179.2107,0.0000
95,5.0000,3.0000,6.0000,3.0000,5.0000,1.0000,2.0000,5.0000,14.0000,0.9710,1.0028,0.0000,3.0000,0.0000,4.0000,4.0000,1.6855,2.5000,3.0000,48829,129.8819,362754783.7666,0.0000
97,2.0000,4.0000,3.0000,3.0000,1.0000,2.0000,1.0000,7.0000,16.0000,0.8813,0.9686,0.0000,3.0000,0.0000,2.0000,4.0000,1.8464,2.5000,4.0000,48829,122.4305,131852338.4958,0.0000
99,2.0000,3.0000,4.0000,3.0000,2.0000,1.0000,0.0000,0.0000,18.0000,0.9710,0.9789,0.0000,3.0000,0.0000,2.0000,4.0000,1.9710,2.5000,3.0000,48829,114.9798,63591951.2510,0.0000
101,2.0000,3.0000,4.0000,5.0000,1.0000,4.0000,2.0000,2.0000,20.0000,0.9710,0.9579,0.0000,3.0000,0.0000,4.0000,6.0000,2.4464,1.6667,3.0000,48829,114.9798,52430545.8138,0.0000
103,3.0000,3.0000,5.0000,3.0000,3.0000,1.0000,1.0000,4.0000,22.0000,1.0000,1.0081,0.0000,3.0000,0.0000,2.0000,4.0000,1.9710,2.5000,3.0000,48829,137.7630,1062413793.4939,0.0000
105,2.0000,3.0000,4.0000,5.0000,1.0000,2.0000,0.0000,6.0000,24.0000,0.9710,0.9734,0.0000,3.0000,0.0000,4.0000,6.0000,2.4464,1.6667,3.0000,48829,122.4557,127589206.4359,0.0000
107,2.0000,3.0000,5.0000,5.0000,2.0000,1.0000,2.0000,8.0000,26.0000,1.0000,0.9867,0.0000,3.0000,0.0000,5.0000,6.0000,2.4464,1.6667,3.0000,48829,130.1380,412363599.9174,0.0000
109,2.0000,3.0000,5.0000,5.0000,1.0000,3.0000,1.0000,1.0000,1.0000,1.0000,0.9929,0.0000,3.0000,0.0000,3.0000,6.0000,2.4464,1.6667,3.0000,48829,129.9877,730146640.2890,0.0000
111,4.0000,3.0000,6.0000,3.0000,4.0000,1.0000,0.0000,3.0000,3.0000,0.9710,1.0077,0.0000,3.0000,0.0000,3.0000,4.0000,1.8464,2.5000,3.0000,48829,137.4267,925784725.0485,0.0000
113,3.0000,3.0000,4.0000,3.0000,1.0000,2.0000,2.0000,5.0000,5.0000,0.9710,0.9127,0.0000,3.0000,0.0000,2.0000,4.0000,1.8955,2.5000,3.0000,48829,92.2259,25881876.4004,0.0000
115,3.0000,3.0000,5.0000,3.0000,2.0000,1.0000,1.0000,7.0000,7.0000,1.0000,0.9441,0.0000,3.0000,0.0000,2.0000,4.0000,1.9710,2.5000,3.0000,48829,115.0547,56040536.4258,0.0000
117,3.0000,3.0000,5.0000,5.0000,1.0000,5.0000,0.0000,0.0000,9.0000,1.0000,0.9359,0.0000,3.0000,0.0000,5.0000,6.0000,2.3710,1.6667,3.0000,48829,107.3586,30868541.8388,0.0000
119,3.0000,3.0000,6.0000,3.0000,3.0000,1.0000,2.0000,2.0000,11.0000,0.9710,0.9580,0.0000,3.0000,0.0000,3.0000,4.0000,1.8955,2.5000,3.0000,48829,114.8089,78330066.9565,0.0000
121,4.0000,3.0000,5.0000,3.0000,1.0000,2.0000,1.0000,4.0000,13.0000,1.0000,0.9864,0.0000,3.0000,0.0000,2.0000,4.0000,1.8464,2.5000,3.0000,48829,129.8899,555940604.2772,0.0000
123,4.0000,3.0000,6.0000,3.0000,2.0000,1.0000,0.0000,6.0000,15.0000,0.9710,0.9682,0.0000,3.0000,0.0000,3.0000,4.0000,1.8464,2.5000,3.0000,48829,122.3609,111218317.8096,0.0000
125,5.0000,3.0000,6.0000,3.0000,1.0000,3.0000,2.0000,8.0000,17.0000,0.9710,0.9731,0.0000,3.0000,0.0000,3.0000,4.0000,1.6855,2.5000,3.0000,48829,122.4621,117432923.7143,0.0000
127,7.0000,3.0000,7.0000,1.0000,7.0000,1.0000,1.0000,1.0000,19.0000,0.8813,1.0124,0.0000,3.0000,0.0000,2.0000,2.0000,0.8813,5.0000,3.0000,48829,137.7316,3611908640.2322,0.0000
129,1.0000,6.0000,2.0000,3.0000,1.0000,2.0000,0.0000,3.0000,21.0000,0.7219,0.9668,0.0000,2.0000,0.0000,3.0000,4.0000,1.5710,2.5000,6.0000,48828,122.6449,104470236.4066,0.0000
131,2.0000,5.0000,3.0000,3.0000,2.0000,1.0000,2.0000,5.0000,23.0000,0.8813,0.9362,0.0000,2.0000,0.0000,3.0000,4.0000,1.7610,2.5000,5.0000,48828,107.3907,44180664.1477,0.0000
133,1.0000,4.0000,3.0000,5.0000,1.0000,4.0000,1.0000,7.0000,25.0000,0.8813,0.9325,0.0000,2.0000,0.0000,4.0000,6.0000,2.3219,1.6667,4.0000,48828,107.3907,32115557.4169,0.0000
135,3.0000,4.0000,4.0000,3.0000,3.0000,1.0000,0.0000,0.0000,0.0000,0.9710,0.9792,0.0000,2.0000,0.0000,3.0000,4.0000,1.8464,2.5000,4.0000,48828,122.5424,543829826.8388,0.0000
137,1.0000,3.0000,3.0000,5.0000,1.0000,2.0000,2.0000,2.0000,2.0000,0.8813,1.0083,0.0000,2.0000,0.0000,3.0000,6.0000,2.4464,1.6667,3.0000,48828,137.8794,1418191789.8437,0.0000
139,2.0000,3.0000,4.0000,5.0000,2.0000,1.0000,1.0000,4.0000,4.0000,0.9710,0.9683,0.0000,2.0000,0.0000,4.0000,6.0000,2.4464,1.6667,3.0000,48828,122.6609,109143563.0506,0.0000
141,2.0000,3.0000,4.0000,5.0000,1.0000,3.0000,0.0000,6.0000,6.0000,0.9710,0.9037,0.0000,2.0000,0.0000,3.0000,6.0000,2.4464,1.6667,3.0000,48828,99.9285,26851925.9150,0.0000
143,4.0000,3.0000,5.0000,3.0000,4.0000,1.0000,2.0000,8.0000,8.0000,1.0000,0.9842,0.0000,2.0000,0.0000,3.0000,4.0000,1.8464,2.5000,3.0000,48828,122.4215,162829430.7365,0.0000
145,1.0000,3.0000,3.0000,5.0000,1.0000,2.0000,1.0000,1.0000,10.0000,0.8813,0.9683,0.0000,2.0000,0.0000,3.0000,6.0000,2.4464,1.6667,3.0000,48828,122.3320,142369986.8940,0.0000
147,2.0000,2.0000,4.0000,5.0000,2.0000,1.0000,0.0000,3.0000,12.0000,0.9710,0.9756,0.0000,2.0000,0.0000,3.0000,6.0000,2.5219,1.6667,2.0000,48828,122.3320,150865720.0430,0.0000
149,1.0000,2.0000,4.0000,7.0000,1.0000,6.0000,2.0000,5.0000,14.0000,0.9710,0.9527,0.0000,2.0000,0.0000,6.0000,8.0000,2.9219,1.2500,2.0000,48828,107.1941,29972895.2424,0.0000
151,3.0000,2.0000,5.0000,5.0000,3.0000,1.0000,1.0000,7.0000,16.0000,1.0000,0.9597,0.0000,2.0000,0.0000,4.0000,6.0000,2.4464,1.6667,2.0000,48828,99.9285,57813864.6670,0.0000
153,2.0000,2.0000,4.0000,5.0000,1.0000,2.0000,0.0000,0.0000,18.0000,0.9710,0.9442,0.0000,2.0000,0.0000,3.0000,6.0000,2.5219,1.6667,2.0000,48828,115.1172,51148014.5390,0.0000
155,2.0000,2.0000,5.0000,5.0000,2.0000,1.0000,2.0000,2.0000,20.0000,1.0000,0.9914,0.0000,2.0000,0.0000,3.0000,6.0000,2.5219,1.6667,2.0000,48828,130.2325,541725163.5832,0.0000
157,3.0000,2.0000,5.0000,5.0000,1.0000,3.0000,1.0000,4.0000,22.0000,1.0000,0.9543,0.0000,2.0000,0.0000,3.0000,6.0000,2.4464,1.6667,2.0000,48828,114.7505,51484263.4302,0.0000
159,5.0000,2.0000,6.0000,3.0000,5.0000,1.0000,0.0000,6.0000,24.0000,0.9710,1.0261,0.0000,2.0000,0.0000,3.0000,4.0000,1.7610,2.5000,2.0000,48828,145.3386,2924772535.4146,0.0000
161,1.0000,4.0000,3.0000,5.0000,1.0000,2.0000,2.0000,8.0000,26.0000,0.8813,0.9870,0.0000,2.0000,0.0000,5.0000,6.0000,2.3219,1.6667,4.0000,48828,130.3466,321761362.5006,0.0000
163,2.0000,3.0000,4.0000,5.0000,2.0000,1.0000,1.0000,1.0000,1.0000,0.9710,0.9691,0.0000,2.0000,0.0000,5.0000,6.0000,2.4464,1.6667,3.0000,48828,114.6054,59699902.2082,0.0000
165,1.0000,2.0000,4.0000,7.0000,1.0000,4.0000,0.0000,3.0000,3.0000,0.9710,0.9838,0.0000,2.0000,0.0000,5.0000,8.0000,2.9219,1.2500,2.0000,48828,122.3036,106299921.6245,0.0000
167,3.0000,2.0000,5.0000,5.0000,3.0000,1.0000,2.0000,5.0000,5.0000,1.0000,1.0079,0.0000,2.0000,0.0000,5.0000,6.0000,2.4464,1.6667,2.0000,48828,137.5229,1001792545.3460,0.0000
169,1.0000,2.0000,4.0000,7.0000,1.0000,2.0000,1.0000,7.0000,7.0000,0.9710,1.0123,0.0000,2.0000,0.0000,7.0000,8.0000,2.9219,1.2500,2.0000,48828,137.8391,1188940048.3664,0.0000
171,2.0000,2.0000,5.0000,7.0000,2.0000,1.0000,0.0000,0.0000,9.0000,1.0000,0.9463,0.0000,2.0000,0.0000,8.0000,8.0000,2.9219,1.2500,2.0000,48828,114.8087,59983966.9263,0.0000
173,2.0000,2.0000,5.0000,7.0000,1.0000,3.0000,2.0000,2.0000,11.0000,1.0000,0.9190,0.0000,2.0000,0.0000,6.0000,8.0000,2.9219,1.2500,2.0000,48828,107.3210,31878952.3232,0.0000
175,4.0000,2.0000,6.0000,5.0000,4.0000,1.0000,1.0000,4.0000,13.0000,0.9710,0.9931,0.0000,2.0000,0.0000,6.0000,6.0000,2.3219,1.6667,2.0000,48828,130.2592,2414351983.6063,0.0000
177,2.0000,3.0000,4.0000,5.0000,1.0000,2.0000,0.0000,6.0000,15.0000,0.9710,0.9499,0.0000,2.0000,0.0000,4.0000,6.0000,2.4464,1.6667,3.0000,48828,114.8094,48210326.0908,0.0000
179,2.0000,2.0000,5.0000,5.0000,2.0000,1.0000,2.0000,8.0000,17.0000,1.0000,0.9579,0.0000,2.0000,0.0000,4.0000,6.0000,2.5219,1.6667,2.0000,48828,114.8094,59373615.6930,0.0000
181,2.0000,2.0000,5.0000,7.0000,1.0000,5.0000,1.0000,1.0000,19.0000,1.0000,0.9072,0.0000,2.0000,0.0000,5.0000,8.0000,2.9219,1.2500,2.0000,48828,99.9312,27287503.1249,0.0000
183,3.0000,2.0000,6.0000,5.0000,3.0000,1.0000,0.0000,3.0000,21.0000,0.9710,0.9926,0.0000,2.0000,0.0000,4.0000,6.0000,2.4464,1.6667,2.0000,48828,129.7114,394717744.6609,0.0000
185,3.0000,2.0000,5.0000,5.0000,1.0000,2.0000,2.0000,5.0000,23.0000,1.0000,0.9685,0.0000,2.0000,0.0000,4.0000,6.0000,2.4464,1.6667,2.0000,48828,122.5433,148256221.1295,0.0000
187,3.0000,2.0000,6.0000,5.0000,2.0000,1.0000,1.0000,7.0000,25.0000,0.9710,0.9935,0.0000,2.0000,0.0000,4.0000,6.0000,2.4464,1.6667,2.0000,48828,130.2334,435441765.6623,0.0000
189,4.0000,2.0000,6.0000,5.0000,1.0000,3.0000,0.0000,0.0000,0.0000,0.9710,0.9681,0.0000,2.0000,0.0000,4.0000,6.0000,2.3219,1.6667,2.0000,48828,122.3473,97964641.0657,0.0000
191,6.0000,2.0000,7.0000,3.0000,6.0000,1.0000,2.0000,2.0000,2.0000,0.8813,0.9998,0.0000,2.0000,0.0000,4.0000,4.0000,1.5710,2.5000,2.0000,48828,129.9116,3029085888.4414,0.0000
193,2.0000,5.0000,3.0000,3.0000,1.0000,2.0000,1.0000,4.0000,4.0000,0.8813,0.9396,0.0000,2.0000,0.0000,2.0000,4.0000,1.7610,2.5000,5.0000,48828,115.3227,57674907.3065,0.0000
195,2.0000,4.0000,4.0000,3.0000,2.0000,1.0000,0.0000,6.0000,6.0000,0.9710,0.9679,0.0000,2.0000,0.0000,2.0000,4.0000,1.9219,2.5000,4.0000,48828,115.3227,68850234.8884,0.0000
197,2.0000,3.0000,4.0000,5.0000,1.0000,4.0000,2.0000,8.0000,8.0000,0.9710,0.9361,0.0000,2.0000,0.0000,4.0000,6.0000,2.4464,1.6667,3.0000,48828,107.3948,33318297.7141,0.0000
199,3.0000,3.0000,5.0000,3.0000,3.0000,1.0000,1.0000,1.0000,10.0000,1.0000,0.9692,0.0000,2.0000,0.0000,2.0000,4.0000,1.9710,2.5000,3.0000,48828,122.7832,135771994.1784,0.0000
201,2.0000,2.0000,4.0000,5.0000,1.0000,2.0000,0.0000,3.0000,12.0000,0.9710,0.9596,0.0000,2.0000,0.0000,3.0000,6.0000,2.5219,1.6667,2.0000,48828,107.7098,51792811.9914,0.0000
203,2.0000,2.0000,5.0000,5.0000,2.0000,1.0000,2.0000,5.0000,14.0000,1.0000,0.9561,0.0000,2.0000,0.0000,4.0000,6.0000,2.5219,1.6667,2.0000,48828,115.1428,475644187.9467,0.0000
205,2.0000,2.0000,5.0000,5.0000,1.0000,3.0000,1.0000,7.0000,16.0000,1.0000,0.9181,0.0000,2.0000,0.0000,3.0000,6.0000,2.5219,1.6667,2.0000,48828,107.3948,33318305.3620,0.0000
207,4.0000,2.0000,6.0000,3.0000,4.0000,1.0000,0.0000,0.0000,18.0000,0.9710,0.9982,0.0000,2.0000,0.0000,2.0000,4.0000,1.9219,2.5000,2.0000,48828,130.3445,381135962.7297,0.0000
209,2.0000,3.0000,4.0000,5.0000,1.0000,2.0000,2.0000,2.0000,20.0000,0.9710,0.9680,0.0000,2.0000,0.0000,4.0000,6.0000,2.4464,1.6667,3.0000,48828,122.3240,111576807.4340,0.0000
211,2.0000,2.0000,5.0000,5.0000,2.0000,1.0000,1.0000,4.0000,22.0000,1.0000,0.9753,0.0000,2.0000,0.0000,4.0000,6.0000,2.5219,1.6667,2.0000,48828,122.3240,120076268.4043,0.0000
213,2.0000,2.0000,5.0000,7.0000,1.0000,7.0000,0.0000,6.0000,24.0000,1.0000,0.8971,0.0000,2.0000,0.0000,7.0000,8.0000,2.9219,1.2500,2.0000,48828,92.2061,25670864.6250,0.0000
215,3.0000,2.0000,6.0000,5.0000,3.0000,1.0000,2.0000,8.0000,26.0000,0.9710,0.9795,0.0000,2.0000,0.0000,5.0000,6.0000,2.4464,1.6667,2.0000,48828,122.6733,119637046.3544,0.0000
217,2.0000,2.0000,5.0000,5.0000,1.0000,2.0000,1.0000,1.0000,1.0000,1.0000,0.9640,0.0000,2.0000,0.0000,3.0000,6.0000,2.5219,1.6667,2.0000,48828,114.8755,49294961.3151,0.0000
219,2.0000,2.0000,6.0000,5.0000,2.0000,1.0000,0.0000,3.0000,3.0000,0.9710,0.9738,0.0000,2.0000,0.0000,3.0000,6.0000,2.5219,1.6667,2.0000,48828,122.6667,187304045.7982,0.0000
221,3.0000,2.0000,6.0000,5.0000,1.0000,3.0000,2.0000,5.0000,5.0000,0.9710,0.9756,0.0000,2.0000,0.0000,3.0000,6.0000,2.4464,1.6667,2.0000,48828,122.3798,114303228.2485,0.0000
223,5.0000,2.0000,7.0000,3.0000,5.0000,1.0000,1.0000,7.0000,7.0000,0.8813,0.9934,0.0000,2.0000,0.0000,3.0000,4.0000,1.7610,2.5000,2.0000,48828,130.1613,433499897.5446,0.0000
225,3.0000,4.0000,4.0000,3.0000,1.0000,2.0000,0.0000,0.0000,9.0000,0.9710,1.0081,0.0000,2.0000,0.0000,2.0000,4.0000,1.8464,2.5000,4.0000,48828,137.8198,995623118.1669,0.0000
227,3.0000,3.0000,5.0000,3.0000,2.0000,1.0000,2.0000,2.0000,11.0000,1.0000,0.9366,0.0000,2.0000,0.0000,2.0000,4.0000,1.9710,2.5000,3.0000,48828,92.2061,38126184.7692,0.0000
229,3.0000,2.0000,5.0000,5.0000,1.0000,4.0000,1.0000,4.0000,13.0000,1.0000,0.9503,0.0000,2.0000,0.0000,4.0000,6.0000,2.4464,1.6667,2.0000,48828,115.0005,50544247.2272,0.0000
231,3.0000,2.0000,6.0000,3.0000,3.0000,1.0000,0.0000,6.0000,15.0000,0.9710,0.9913,0.0000,2.0000,0.0000,2.0000,4.0000,1.9710,2.5000,2.0000,48828,130.1602,355576286.8533,0.0000
233,3.0000,2.0000,5.0000,5.0000,1.0000,2.0000,2.0000,8.0000,17.0000,1.0000,0.9756,0.0000,2.0000,0.0000,4.0000,6.0000,2.4464,1.6667,2.0000,48828,122.4283,2246438148.1307,0.0000
235,3.0000,2.0000,6.0000,5.0000,2.0000,1.0000,1.0000,1.0000,19.0000,0.9710,0.9866,0.0000,2.0000,0.0000,5.0000,6.0000,2.4464,1.6667,2.0000,48828,130.2042,694193750.8484,0.0000
237,3.0000,2.0000,6.0000,5.0000,1.0000,3.0000,0.0000,3.0000,21.0000,0.9710,0.9339,0.0000,2.0000,0.0000,3.0000,6.0000,2.4464,1.6667,2.0000,48828,107.1536,30878966.9980,0.0000
239,4.0000,2.0000,7.0000,3.0000,4.0000,1.0000,2.0000,5.0000,23.0000,0.8813,1.0264,0.0000,2.0000,0.0000,3.0000,4.0000,1.8464,2.5000,2.0000,48828,145.6209,2744041408.8376,0.0000
241,4.0000,3.0000,5.0000,3.0000,1.0000,2.0000,1.0000,7.0000,25.0000,1.0000,0.9290,0.0000,2.0000,0.0000,2.0000,4.0000,1.8464,2.5000,3.0000,48828,107.1056,30567657.0316,0.0000
243,4.0000,2.0000,6.0000,3.0000,2.0000,1.0000,0.0000,0.0000,0.0000,0.9710,0.9733,0.0000,2.0000,0.0000,2.0000,4.0000,1.9219,2.5000,2.0000,48828,122.4490,121460533.8565,0.0000
245,4.0000,2.0000,6.0000,5.0000,1.0000,5.0000,2.0000,2.0000,2.0000,0.9710,0.9477,0.0000,2.0000,0.0000,5.0000,6.0000,2.3219,1.6667,2.0000,48828,107.1056,30567660.8589,0.0000
247,4.0000,2.0000,7.0000,3.0000,3.0000,1.0000,1.0000,4.0000,4.0000,0.8813,0.9541,0.0000,2.0000,0.0000,3.0000,4.0000,1.8464,2.5000,2.0000,48828,114.7285,76028505.7043,0.0000
249,5.0000,2.0000,6.0000,3.0000,1.0000,2.0000,0.0000,6.0000,6.0000,0.9710,0.9682,0.0000,2.0000,0.0000,2.0000,4.0000,1.7610,2.5000,2.0000,48828,122.5872,103824363.8594,0.0000
251,5.0000,2.0000,7.0000,3.0000,2.0000,1.0000,2.0000,8.0000,8.0000,0.8813,1.0080,0.0000,2.0000,0.0000,3.0000,4.0000,1.7610,2.5000,2.0000,48828,137.6341,1326559850.7997,0.0000
253,6.0000,2.0000,7.0000,3.0000,1.0000,3.0000,1.0000,1.0000,10.0000,0.8813,0.9830,0.0000,2.0000,0.0000,3.0000,4.0000,1.5710,2.5000,2.0000,48828,122.4754,128503482.2445,0.0000
255,8.0000,2.0000,8.0000,1.0000,8.0000,1.0000,0.0000,3.0000,12.0000,0.7219,1.0206,0.0000,2.0000,0.0000,2.0000,2.0000,0.7219,5.0000,2.0000,48828,137.8867,3720101147.7461,0.0000
257,1.0000,7.0000,2.0000,3.0000,1.0000,2.0000,2.0000,5.0000,14.0000,0.7219,0.9386,0.0000,1.0000,0.0000,3.0000,4.0000,1.3568,2.5000,7.0000,48828,115.1581,53601376.2433,0.0000
259,2.0000,6.0000,3.0000,3.0000,2.0000,1.0000,1.0000,7.0000,16.0000,0.8813,0.9799,0.0000,1.0000,0.0000,3.0000,4.0000,1.5710,2.5000,6.0000,48828,122.9158,119913272.5345,0.0000
261,1.0000,5.0000,3.0000,5.0000,1.0000,4.0000,0.0000,0.0000,18.0000,0.8813,0.9061,0.0000,1.0000,0.0000,4.0000,6.0000,2.1610,1.6667,5.0000,48828,99.7335,28378184.2571,0.0000
263,3.0000,5.0000,4.0000,3.0000,3.0000,1.0000,2.0000,2.0000,20.0000,0.9710,0.9935,0.0000,1.0000,0.0000,3.0000,4.0000,1.6855,2.5000,5.0000,48828,130.4933,2443725553.0612,0.0000
265,1.0000,4.0000,3.0000,5.0000,1.0000,2.0000,1.0000,4.0000,22.0000,0.8813,0.9662,0.0000,1.0000,0.0000,3.0000,6.0000,2.3219,1.6667,4.0000,48828,122.4447,220394014.7102,0.0000
267,2.0000,4.0000,4.0000,5.0000,2.0000,1.0000,0.0000,6.0000,24.0000,0.9710,0.9443,0.0000,1.0000,0.0000,4.0000,6.0000,2.3219,1.6667,4.0000,48828,115.1760,60002162.4677,0.0000
269,2.0000,4.0000,4.0000,5.0000,1.0000,3.0000,2.0000,8.0000,26.0000,0.9710,0.9295,0.0000,1.0000,0.0000,3.0000,6.0000,2.3219,1.6667,4.0000,48828,107.3998,32779975.0900,0.0000
271,4.0000,4.0000,5.0000,3.0000,4.0000,1.0000,1.0000,1.0000,1.0000,1.0000,0.9788,0.0000,1.0000,0.0000,3.0000,4.0000,1.7219,2.5000,4.0000,48828,114.9073,515477572.3219,0.0000
273,1.0000,3.0000,3.0000,5.0000,1.0000,2.0000,0.0000,3.0000,3.0000,0.8813,0.9161,0.0000,1.0000,0.0000,3.0000,6.0000,2.3710,1.6667,3.0000,48828,107.3998,32779978.9159,0.0000
275,2.0000,3.0000,4.0000,5.0000,2.0000,1.0000,2.0000,5.0000,5.0000,0.9710,0.9933,0.0000,1.0000,0.0000,3.0000,6.0000,2.4464,1.6667,3.0000,48828,130.0894,706307353.0086,0.0000
277,1.0000,3.0000,4.0000,7.0000,1.0000,6.0000,1.0000,7.0000,7.0000,0.9710,0.9155,0.0000,1.0000,0.0000,6.0000,8.0000,2.8464,1.2500,3.0000,48828,99.8540,26814164.7578,0.0000
279,3.0000,3.0000,5.0000,5.0000,3.0000,1.0000,0.0000,0.0000,9.0000,1.0000,0.9699,0.0000,1.0000,0.0000,4.0000,6.0000,2.3710,1.6667,3.0000,48828,114.9318,75234915.5920,0.0000
281,2.0000,3.0000,4.0000,5.0000,1.0000,2.0000,2.0000,2.0000,11.0000,0.9710,0.9728,0.0000,1.0000,0.0000,3.0000,6.0000,2.4464,1.6667,3.0000,48828,122.3456,113727117.9169,0.0000
283,2.0000,3.0000,5.0000,5.0000,2.0000,1.0000,1.0000,4.0000,13.0000,1.0000,1.0125,0.0000,1.0000,0.0000,3.0000,6.0000,2.4464,1.6667,3.0000,48828,137.8649,995659038.4119,0.0000
285,3.0000,3.0000,5.0000,5.0000,1.0000,3.0000,0.0000,6.0000,15.0000,1.0000,0.9682,0.0000,1.0000,0.0000,3.0000,6.0000,2.3710,1.6667,3.0000,48828,122.5933,95474423.7489,0.0000
287,5.0000,3.0000,6.0000,3.0000,5.0000,1.0000,2.0000,8.0000,17.0000,0.9710,0.9881,0.0000,1.0000,0.0000,3.0000,4.0000,1.6855,2.5000,3.0000,48828,122.4960,199652253.5365,0.0000
289,1.0000,4.0000,3.0000,5.0000,1.0000,2.0000,1.0000,1.0000,19.0000,0.8813,0.9418,0.0000,1.0000,0.0000,3.0000,6.0000,2.3219,1.6667,4.0000,48828,107.3102,33748711.5303,0.0000
291,2.0000,3.0000,4.0000,5.0000,2.0000,1.0000,0.0000,3.0000,21.0000,0.9710,0.9637,0.0000,1.0000,0.0000,3.0000,6.0000,2.4464,1.6667,3.0000,48828,114.6930,68084457.7152,0.0000
293,1.0000,2.0000,4.0000,7.0000,1.0000,4.0000,2.0000,5.0000,23.0000,0.9710,0.9577,0.0000,1.0000,0.0000,4.0000,8.0000,2.9219,1.2500,2.0000,48828,114.6930,56905668.3147,0.0000
295,3.0000,2.0000,5.0000,5.0000,3.0000,1.0000,1.0000,7.0000,25.0000,1.0000,0.9730,0.0000,1.0000,0.0000,3.0000,6.0000,2.4464,1.6667,2.0000,48828,122.5079,134310515.1288,0.0000
297,1.0000,2.0000,4.0000,7.0000,1.0000,2.0000,0.0000,0.0000,0.0000,0.9710,0.9928,0.0000,1.0000,0.0000,5.0000,8.0000,2.9219,1.2500,2.0000,48828,130.0454,348034967.5102,0.0000
299,2.0000,2.0000,5.0000,7.0000,2.0000,1.0000,2.0000,2.0000,2.0000,1.0000,0.9678,0.0000,1.0000,0.0000,6.0000,8.0000,2.9219,1.2500,2.0000,48828,122.2009,136235202.7562,0.0000
301,2.0000,2.0000,5.0000,7.0000,1.0000,3.0000,1.0000,4.0000,4.0000,1.0000,0.9103,0.0000,1.0000,0.0000,4.0000,8.0000,2.9219,1.2500,2.0000,48828,99.8540,26814188.4207,0.0000
303,4.0000,2.0000,6.0000,5.0000,4.0000,1.0000,0.0000,6.0000,6.0000,0.9710,0.9869,0.0000,1.0000,0.0000,4.0000,6.0000,2.3219,1.6667,2.0000,48828,130.2094,707925593.2974,0.0000
305,2.0000,3.0000,4.0000,5.0000,1.0000,2.0000,2.0000,8.0000,8.0000,0.9710,0.9497,0.0000,1.0000,0.0000,3.0000,6.0000,2.4464,1.6667,3.0000,48828,114.8298,466176077.2076,0.0000
307,2.0000,2.0000,5.0000,5.0000,2.0000,1.0000,1.0000,1.0000,10.0000,1.0000,0.9457,0.0000,1.0000,0.0000,3.0000,6.0000,2.5219,1.6667,2.0000,48828,114.8298,477352924.4207,0.0000
309,2.0000,2.0000,5.0000,7.0000,1.0000,5.0000,0.0000,3.0000,12.0000,1.0000,0.9385,0.0000,1.0000,0.0000,5.0000,8.0000,2.9219,1.2500,2.0000,48828,107.2768,31617606.9522,0.0000
311,3.0000,2.0000,6.0000,5.0000,3.0000,1.0000,2.0000,5.0000,14.0000,0.9710,0.9932,0.0000,1.0000,0.0000,3.0000,6.0000,2.4464,1.6667,2.0000,48828,130.2082,327685679.5785,0.0000
313,3.0000,2.0000,5.0000,5.0000,1.0000,2.0000,1.0000,7.0000,16.0000,1.0000,0.9862,0.0000,1.0000,0.0000,3.0000,6.0000,2.4464,1.6667,2.0000,48828,129.9516,698119776.3094,0.0000
315,3.0000,2.0000,6.0000,5.0000,2.0000,1.0000,0.0000,0.0000,18.0000,0.9710,0.9587,0.0000,1.0000,0.0000,3.0000,6.0000,2.4464,1.6667,2.0000,48828,107.1648,52315841.6232,0.0000
317,4.0000,2.0000,6.0000,5.0000,1.0000,3.0000,2.0000,2.0000,20.0000,0.9710,0.9510,0.0000,1.0000,0.0000,3.0000,6.0000,2.3219,1.6667,2.0000,48828,114.5621,53082168.6003,0.0000
319,6.0000,2.0000,7.0000,3.0000,6.0000,1.0000,1.0000,4.0000,22.0000,0.8813,1.0143,0.0000,1.0000,0.0000,3.0000,4.0000,1.5710,2.5000,2.0000,48828,137.9572,981552135.2539,0.0000
321,1.0000,5.0000,3.0000,5.0000,1.0000,2.0000,0.0000,6.0000,24.0000,0.8813,0.9296,0.0000,1.0000,0.0000,5.0000,6.0000,2.1610,1.6667,5.0000,48828,107.2768,31617618.4329,0.0000
323,2.0000,4.0000,4.0000,5.0000,2.0000,1.0000,2.0000,8.0000,26.0000,0.9710,0.9788,0.0000,1.0000,0.0000,5.0000,6.0000,2.3219,1.6667,4.0000,48828,122.4631,106862337.6527,0.0000
325,1.0000,3.0000,4.0000,7.0000,1.0000,4.0000,1.0000,1.0000,1.0000,0.9710,0.9577,0.0000,1.0000,0.0000,5.0000,8.0000,2.8464,1.2500,3.0000,48828,114.7219,47624630.1563,0.0000
327,3.0000,3.0000,5.0000,5.0000,3.0000,1.0000,0.0000,3.0000,3.0000,1.0000,1.0080,0.0000,1.0000,0.0000,5.0000,6.0000,2.3710,1.6667,3.0000,48828,137.7913,1018256322.5650,0.0000
329,1.0000,2.0000,4.0000,7.0000,1.0000,2.0000,2.0000,5.0000,5.0000,0.9710,0.9680,0.0000,1.0000,0.0000,5.0000,8.0000,2.9219,1.2500,2.0000,48828,122.3659,113439301.3485,0.0000
331,2.0000,2.0000,5.0000,7.0000,2.0000,1.0000,1.0000,7.0000,7.0000,1.0000,0.9637,0.0000,1.0000,0.0000,5.0000,8.0000,2.9219,1.2500,2.0000,48828,114.7219,58806155.8331,0.0000
333,2.0000,2.0000,5.0000,7.0000,1.0000,3.0000,0.0000,0.0000,9.0000,1.0000,0.9750,0.0000,1.0000,0.0000,5.0000,8.0000,2.9219,1.2500,2.0000,48828,122.2708,102549240.5947,0.0000
335,4.0000,2.0000,6.0000,5.0000,4.0000,1.0000,2.0000,2.0000,11.0000,0.9710,0.9926,0.0000,1.0000,0.0000,5.0000,6.0000,2.3219,1.6667,2.0000,48828,129.7220,361759349.8985,0.0000
337,1.0000,3.0000,4.0000,7.0000,1.0000,2.0000,1.0000,4.0000,13.0000,0.9710,0.9930,0.0000,1.0000,0.0000,7.0000,8.0000,2.8464,1.2500,3.0000,48828,130.1552,394057477.0892,0.0000
339,2.0000,2.0000,5.0000,7.0000,2.0000,1.0000,0.0000,6.0000,15.0000,1.0000,1.0143,0.0000,1.0000,0.0000,7.0000,8.0000,2.9219,1.2500,2.0000,48828,137.9644,1432144026.6997,0.0000
341,1.0000,1.0000,5.0000,9.0000,1.0000,10.0000,2.0000,8.0000,17.0000,1.0000,0.9032,0.0000,1.0000,0.0000,10.0000,10.0000,3.3219,1.0000,1.0000,48828,84.4740,25099039.5662,0.0000
343,3.0000,1.0000,6.0000,7.0000,3.0000,1.0000,1.0000,1.0000,19.0000,0.9710,0.9560,0.0000,1.0000,0.0000,8.0000,8.0000,2.8464,1.2500,1.0000,48828,114.8732,80511546.5596,0.0000
345,2.0000,2.0000,5.0000,7.0000,1.0000,2.0000,0.0000,3.0000,21.0000,1.0000,0.9498,0.0000,1.0000,0.0000,6.0000,8.0000,2.9219,1.2500,2.0000,48828,114.8959,57609409.3753,0.0000
347,2.0000,1.0000,6.0000,7.0000,2.0000,1.0000,2.0000,5.0000,23.0000,0.9710,0.9758,0.0000,1.0000,0.0000,6.0000,8.0000,2.9219,1.2500,1.0000,48828,122.4339,128300718.5866,0.0000
349,3.0000,1.0000,6.0000,7.0000,1.0000,3.0000,1.0000,7.0000,25.0000,0.9710,0.9296,0.0000,1.0000,0.0000,6.0000,8.0000,2.8464,1.2500,1.0000,48828,107.4540,33831475.1802,0.0000
351,5.0000,1.0000,7.0000,5.0000,5.0000,1.0000,0.0000,0.0000,0.0000,0.8813,0.9918,0.0000,1.0000,0.0000,6.0000,6.0000,2.1610,1.6667,1.0000,48828,122.7225,249328506.6987,0.0000
353,2.0000,4.0000,4.0000,5.0000,1.0000,2.0000,2.0000,2.0000,2.0000,0.9710,0.9661,0.0000,1.0000,0.0000,4.0000,6.0000,2.3219,1.6667,4.0000,48828,122.5537,132863354.9359,0.0000
355,2.0000,3.0000,5.0000,5.0000,2.0000,1.0000,1.0000,4.0000,4.0000,1.0000,0.9464,0.0000,1.0000,0.0000,4.0000,6.0000,2.4464,1.6667,3.0000,48828,107.3224,42594676.1656,0.0000
357,2.0000,2.0000,5.0000,7.0000,1.0000,4.0000,0.0000,6.0000,6.0000,1.0000,0.9363,0.0000,1.0000,0.0000,4.0000,8.0000,2.9219,1.2500,2.0000,48828,107.3224,30541937.3263,0.0000
359,3.0000,2.0000,6.0000,5.0000,3.0000,1.0000,2.0000,8.0000,8.0000,0.9710,1.0122,0.0000,1.0000,0.0000,4.0000,6.0000,2.4464,1.6667,2.0000,48828,137.6782,1347621888.8725,0.0000
361,2.0000,2.0000,5.0000,7.0000,1.0000,2.0000,1.0000,1.0000,10.0000,1.0000,0.9748,0.0000,1.0000,0.0000,4.0000,8.0000,2.9219,1.2500,2.0000,48828,115.0641,82562943.9941,0.0000
363,2.0000,1.0000,6.0000,7.0000,2.0000,1.0000,0.0000,3.0000,12.0000,0.9710,0.9682,0.0000,1.0000,0.0000,5.0000,8.0000,2.9219,1.2500,1.0000,48828,122.5770,108831048.0374,0.0000
365,2.0000,1.0000,6.0000,7.0000,1.0000,3.0000,2.0000,5.0000,14.0000,0.9710,0.9678,0.0000,1.0000,0.0000,4.0000,8.0000,2.9219,1.2500,1.0000,48828,122.2932,114410018.4850,0.0000
367,4.0000,1.0000,7.0000,5.0000,4.0000,1.0000,1.0000,7.0000,16.0000,0.8813,0.9876,0.0000,1.0000,0.0000,4.0000,6.0000,2.3219,1.6667,1.0000,48828,122.4112,168409076.9973,0.0000
369,3.0000,3.0000,5.0000,5.0000,1.0000,2.0000,0.0000,0.0000,18.0000,1.0000,0.9125,0.0000,1.0000,0.0000,4.0000,6.0000,2.3710,1.6667,3.0000,48828,99.8805,26575085.1002,0.0000
371,3.0000,2.0000,6.0000,5.0000,2.0000,1.0000,2.0000,2.0000,20.0000,0.9710,0.9459,0.0000,1.0000,0.0000,4.0000,6.0000,2.4464,1.6667,2.0000,48828,114.8785,60015033.9712,0.0000
373,3.0000,1.0000,6.0000,7.0000,1.0000,5.0000,1.0000,4.0000,22.0000,0.9710,0.9245,0.0000,1.0000,0.0000,5.0000,8.0000,2.8464,1.2500,1.0000,48828,99.8805,26575089.0442,0.0000
375,3.0000,1.0000,7.0000,5.0000,3.0000,1.0000,0.0000,6.0000,24.0000,0.8813,0.9756,0.0000,1.0000,0.0000,4.0000,6.0000,2.3710,1.6667,1.0000,48828,122.6538,172005224.7995,0.0000
377,4.0000,2.0000,6.0000,5.0000,1.0000,2.0000,2.0000,8.0000,26.0000,0.9710,1.0084,0.0000,1.0000,0.0000,4.0000,6.0000,2.3219,1.6667,2.0000,48828,137.9041,1256393569.1647,0.0000
379,4.0000,1.0000,7.0000,5.0000,2.0000,1.0000,1.0000,1.0000,1.0000,0.8813,0.9661,0.0000,1.0000,0.0000,4.0000,6.0000,2.3219,1.6667,1.0000,48828,122.5037,105938237.9658,0.0000
381,5.0000,1.0000,7.0000,5.0000,1.0000,3.0000,0.0000,3.0000,3.0000,0.8813,0.9682,0.0000,1.0000,0.0000,4.0000,6.0000,2.1610,1.6667,1.0000,48828,115.0315,51323512.0061,0.0000
383,7.0000,1.0000,8.0000,3.0000,7.0000,1.0000,2.0000,5.0000,5.0000,0.7219,1.0115,0.0000,1.0000,0.0000,4.0000,4.0000,1.3568,2.5000,1.0000,48828,130.3882,481549536.7191,0.0000
385,2.0000,6.0000,3.0000,3.0000,1.0000,2.0000,1.0000,7.0000,7.0000,0.8813,0.9468,0.0000,1.0000,0.0000,2.0000,4.0000,1.5710,2.5000,6.0000,48828,115.0893,50644594.2391,0.0000
387,2.0000,5.0000,4.0000,3.0000,2.0000,1.0000,0.0000,0.0000,9.0000,0.9710,0.9300,0.0000,1.0000,0.0000,2.0000,4.0000,1.7610,2.5000,5.0000,48828,107.5709,42796345.6260,0.0000
389,2.0000,4.0000,4.0000,5.0000,1.0000,4.0000,2.0000,2.0000,11.0000,0.9710,0.9564,0.0000,1.0000,0.0000,4.0000,6.0000,2.3219,1.6667,4.0000,48828,115.0629,48743700.7106,0.0000
391,3.0000,4.0000,5.0000,3.0000,3.0000,1.0000,1.0000,4.0000,13.0000,1.0000,0.9595,0.0000,1.0000,0.0000,2.0000,4.0000,1.8464,2.5000,4.0000,48828,107.5709,61111524.9044,0.0000
393,2.0000,3.0000,4.0000,5.0000,1.0000,2.0000,0.0000,6.0000,15.0000,0.9710,0.9756,0.0000,1.0000,0.0000,3.0000,6.0000,2.4464,1.6667,3.0000,48828,122.2002,112929420.9484,0.0000
395,2.0000,3.0000,5.0000,5.0000,2.0000,1.0000,2.0000,8.0000,17.0000,1.0000,0.9734,0.0000,1.0000,0.0000,4.0000,6.0000,2.4464,1.6667,3.0000,48828,122.4167,132651321.3266,0.0000
397,2.0000,3.0000,5.0000,5.0000,1.0000,3.0000,1.0000,1.0000,19.0000,1.0000,0.9144,0.0000,1.0000,0.0000,3.0000,6.0000,2.4464,1.6667,3.0000,48828,99.7108,27646816.8998,0.0000
399,4.0000,3.0000,6.0000,3.0000,4.0000,1.0000,0.0000,3.0000,21.0000,0.9710,0.9667,0.0000,1.0000,0.0000,2.0000,4.0000,1.8464,2.5000,3.0000,48828,114.9312,105711574.8874,0.0000
401,2.0000,3.0000,4.0000,5.0000,1.0000,2.0000,2.0000,5.0000,23.0000,0.9710,0.9202,0.0000,1.0000,0.0000,3.0000,6.0000,2.4464,1.6667,3.0000,48828,107.6906,32615732.8485,0.0000
403,2.0000,2.0000,5.0000,5.0000,2.0000,1.0000,1.0000,7.0000,25.0000,1.0000,0.9516,0.0000,1.0000,0.0000,3.0000,6.0000,2.5219,1.6667,2.0000,48828,107.6906,44683941.5569,0.0000
405,2.0000,2.0000,5.0000,7.0000,1.0000,6.0000,0.0000,0.0000,0.0000,1.0000,0.9256,0.0000,1.0000,0.0000,6.0000,8.0000,2.9219,1.2500,2.0000,48828,99.7108,27646824.7874,0.0000
407,3.0000,2.0000,6.0000,5.0000,3.0000,1.0000,2.0000,2.0000,2.0000,0.9710,0.9792,0.0000,1.0000,0.0000,4.0000,6.0000,2.4464,1.6667,2.0000,48828,115.1172,80991832.3650,0.0000
409,2.0000,2.0000,5.0000,5.0000,1.0000,2.0000,1.0000,4.0000,4.0000,1.0000,0.9462,0.0000,1.0000,0.0000,2.0000,6.0000,2.5219,1.6667,2.0000,48828,115.1172,55154771.5014,0.0000
411,2.0000,2.0000,6.0000,5.0000,2.0000,1.0000,0.0000,6.0000,6.0000,0.9710,0.9933,0.0000,1.0000,0.0000,3.0000,6.0000,2.5219,1.6667,2.0000,48828,130.1484,433339568.4092,0.0000
413,3.0000,2.0000,6.0000,5.0000,1.0000,3.0000,2.0000,8.0000,8.0000,0.9710,0.9931,0.0000,1.0000,0.0000,3.0000,6.0000,2.4464,1.6667,2.0000,48828,130.0347,336194084.1978,0.0000
415,5.0000,2.0000,7.0000,3.0000,5.0000,1.0000,1.0000,1.0000,10.0000,0.8813,1.0081,0.0000,1.0000,0.0000,2.0000,4.0000,1.7610,2.5000,2.0000,48828,137.6808,824308413.2694,0.0000
417,2.0000,4.0000,4.0000,5.0000,1.0000,2.0000,0.0000,3.0000,12.0000,0.9710,0.9614,0.0000,1.0000,0.0000,4.0000,6.0000,2.3219,1.6667,4.0000,48828,122.7679,109142097.7330,0.0000
419,2.0000,3.0000,5.0000,5.0000,2.0000,1.0000,2.0000,5.0000,14.0000,1.0000,0.9640,0.0000,1.0000,0.0000,4.0000,6.0000,2.4464,1.6667,3.0000,48828,114.9955,65016672.3954,0.0000
421,2.0000,2.0000,5.0000,7.0000,1.0000,4.0000,1.0000,7.0000,16.0000,1.0000,0.9665,0.0000,1.0000,0.0000,4.0000,8.0000,2.9219,1.2500,2.0000,48828,114.9955,53862500.0614,0.0000
423,3.0000,2.0000,6.0000,5.0000,3.0000,1.0000,0.0000,0.0000,18.0000,0.9710,0.9761,0.0000,1.0000,0.0000,4.0000,6.0000,2.4464,1.6667,2.0000,48828,122.4972,138974597.7845,0.0000
425,2.0000,2.0000,5.0000,7.0000,1.0000,2.0000,2.0000,2.0000,20.0000,1.0000,1.0000,0.0000,1.0000,0.0000,6.0000,8.0000,2.9219,1.2500,2.0000,48828,130.0934,419411650.3885,0.0000
427,2.0000,1.0000,6.0000,7.0000,2.0000,1.0000,1.0000,4.0000,22.0000,0.9710,0.9867,0.0000,1.0000,0.0000,7.0000,8.0000,2.9219,1.2500,1.0000,48828,130.1033,303808229.5159,0.0000
429,2.0000,1.0000,6.0000,7.0000,1.0000,3.0000,0.0000,6.0000,24.0000,0.9710,0.9436,0.0000,1.0000,0.0000,5.0000,8.0000,2.9219,1.2500,1.0000,48828,114.9403,57262613.0517,0.0000
431,4.0000,1.0000,7.0000,5.0000,4.0000,1.0000,2.0000,8.0000,26.0000,0.8813,0.9791,0.0000,1.0000,0.0000,5.0000,6.0000,2.3219,1.6667,1.0000,48828,122.4743,568680319.7815,0.0000
433,2.0000,3.0000,5.0000,5.0000,1.0000,2.0000,1.0000,1.0000,1.0000,1.0000,0.9227,0.0000,1.0000,0.0000,3.0000,6.0000,2.4464,1.6667,3.0000,48828,107.2765,30913896.6781,0.0000
435,2.0000,2.0000,6.0000,5.0000,2.0000,1.0000,0.0000,3.0000,3.0000,0.9710,0.9384,0.0000,1.0000,0.0000,3.0000,6.0000,2.5219,1.6667,2.0000,48828,107.2765,42986708.3200,0.0000
437,2.0000,1.0000,6.0000,7.0000,1.0000,5.0000,2.0000,5.0000,5.0000,0.9710,0.9636,0.0000,1.0000,0.0000,5.0000,8.0000,2.9219,1.2500,1.0000,48828,114.6025,42564596.8679,0.0000
439,3.0000,1.0000,7.0000,5.0000,3.0000,1.0000,1.0000,7.0000,7.0000,0.8813,0.9755,0.0000,1.0000,0.0000,3.0000,6.0000,2.4464,1.6667,1.0000,48828,122.5071,132195490.2217,0.0000
441,3.0000,2.0000,6.0000,5.0000,1.0000,2.0000,0.0000,0.0000,9.0000,0.9710,0.9416,0.0000,1.0000,0.0000,3.0000,6.0000,2.4464,1.6667,2.0000,48828,107.2765,33914390.3023,0.0000
443,3.0000,1.0000,7.0000,5.0000,2.0000,1.0000,2.0000,2.0000,11.0000,0.8813,0.9683,0.0000,1.0000,0.0000,3.0000,6.0000,2.4464,1.6667,1.0000,48828,122.6665,557600470.8317,0.0000
445,4.0000,1.0000,7.0000,5.0000,1.0000,3.0000,1.0000,4.0000,13.0000,0.8813,0.9728,0.0000,1.0000,0.0000,3.0000,6.0000,2.3219,1.6667,1.0000,48828,122.2561,165919208.1888,0.0000
447,6.0000,1.0000,8.0000,3.0000,6.0000,1.0000,0.0000,6.0000,15.0000,0.7219,1.0263,0.0000,1.0000,0.0000,3.0000,4.0000,1.5710,2.5000,1.0000,48828,145.4379,5156971851.0634,0.0000
449,3.0000,5.0000,4.0000,3.0000,1.0000,2.0000,2.0000,8.0000,17.0000,0.9710,0.9676,0.0000,1.0000,0.0000,2.0000,4.0000,1.6855,2.5000,5.0000,48828,122.2308,100577905.8167,0.0000
451,3.0000,4.0000,5.0000,3.0000,2.0000,1.0000,1.0000,1.0000,19.0000,1.0000,1.0028,0.0000,1.0000,0.0000,2.0000,4.0000,1.8464,2.5000,4.0000,48828,130.0729,273621628.2792,0.0000
453,3.0000,3.0000,5.0000,5.0000,1.0000,4.0000,0.0000,3.0000,21.0000,1.0000,0.8956,0.0000,1.0000,0.0000,4.0000,6.0000,2.3710,1.6667,3.0000,48828,92.1746,25445460.2544,0.0000
455,3.0000,3.0000,6.0000,3.0000,3.0000,1.0000,2.0000,5.0000,23.0000,0.9710,0.9657,0.0000,1.0000,0.0000,2.0000,4.0000,1.8955,2.5000,3.0000,48828,122.1729,216157848.0278,0.0000
457,3.0000,2.0000,5.0000,5.0000,1.0000,2.0000,1.0000,7.0000,25.0000,1.0000,0.9559,0.0000,1.0000,0.0000,3.0000,6.0000,2.4464,1.6667,2.0000,48828,114.9585,61060595.3099,0.0000
459,3.0000,2.0000,6.0000,5.0000,2.0000,1.0000,0.0000,0.0000,0.0000,0.9710,0.9499,0.0000,1.0000,0.0000,4.0000,6.0000,2.4464,1.6667,2.0000,48828,114.8760,61041968.5743,0.0000
461,3.0000,2.0000,6.0000,5.0000,1.0000,3.0000,2.0000,2.0000,2.0000,0.9710,0.9157,0.0000,1.0000,0.0000,3.0000,6.0000,2.4464,1.6667,2.0000,48828,107.2716,34171995.2180,0.0000
463,4.0000,2.0000,7.0000,3.0000,4.0000,1.0000,1.0000,4.0000,4.0000,0.8813,0.9930,0.0000,1.0000,0.0000,2.0000,4.0000,1.8464,2.5000,2.0000,48828,129.9570,293753715.7417,0.0000
465,3.0000,3.0000,5.0000,5.0000,1.0000,2.0000,0.0000,6.0000,6.0000,1.0000,0.9340,0.0000,1.0000,0.0000,4.0000,6.0000,2.3710,1.6667,3.0000,48828,107.2716,34171999.0431,0.0000
467,3.0000,2.0000,6.0000,5.0000,2.0000,1.0000,2.0000,8.0000,8.0000,0.9710,0.9732,0.0000,1.0000,0.0000,4.0000,6.0000,2.4464,1.6667,2.0000,48828,122.4703,144727408.6948,0.0000
469,3.0000,1.0000,6.0000,7.0000,1.0000,7.0000,1.0000,1.0000,10.0000,0.9710,0.9315,0.0000,1.0000,0.0000,7.0000,8.0000,2.8464,1.2500,1.0000,48828,99.5925,26530331.2079,0.0000
471,3.0000,1.0000,7.0000,5.0000,3.0000,1.0000,0.0000,3.0000,12.0000,0.8813,0.9846,0.0000,1.0000,0.0000,5.0000,6.0000,2.3710,1.6667,1.0000,48828,122.5610,548885318.3684,0.0000
473,3.0000,2.0000,6.0000,5.0000,1.0000,2.0000,2.0000,5.0000,14.0000,0.9710,0.9458,0.0000,1.0000,0.0000,3.0000,6.0000,2.4464,1.6667,2.0000,48828,107.1166,35192664.4864,0.0000
475,3.0000,1.0000,7.0000,5.0000,2.0000,1.0000,1.0000,7.0000,16.0000,0.8813,0.9745,0.0000,1.0000,0.0000,3.0000,6.0000,2.4464,1.6667,1.0000,48828,114.8271,88832640.3551,0.0000
477,3.0000,1.0000,7.0000,5.0000,1.0000,3.0000,0.0000,0.0000,18.0000,0.8813,0.9274,0.0000,1.0000,0.0000,3.0000,6.0000,2.3710,1.6667,1.0000,48828,107.1166,32195539.8476,0.0000
479,5.0000,1.0000,8.0000,3.0000,5.0000,1.0000,2.0000,2.0000,20.0000,0.7219,1.0142,0.0000,1.0000,0.0000,3.0000,4.0000,1.6855,2.5000,1.0000,48828,138.0876,972513893.0376,0.0000
481,4.0000,4.0000,5.0000,3.0000,1.0000,2.0000,1.0000,4.0000,22.0000,1.0000,0.9757,0.0000,1.0000,0.0000,2.0000,4.0000,1.7219,2.5000,4.0000,48828,122.4464,139004464.6041,0.0000
483,4.0000,3.0000,6.0000,3.0000,2.0000,1.0000,0.0000,6.0000,24.0000,0.9710,0.9315,0.0000,1.0000,0.0000,2.0000,4.0000,1.8464,2.5000,3.0000,48828,99.5925,38893370.9034,0.0000
485,4.0000,2.0000,6.0000,5.0000,1.0000,4.0000,2.0000,8.0000,26.0000,0.9710,0.9788,0.0000,1.0000,0.0000,4.0000,6.0000,2.3219,1.6667,2.0000,48828,122.4531,517154677.8084,0.0000
487,4.0000,2.0000,7.0000,3.0000,3.0000,1.0000,1.0000,1.0000,1.0000,0.8813,0.9934,0.0000,1.0000,0.0000,2.0000,4.0000,1.8464,2.5000,2.0000,48828,130.3269,348574085.0238,0.0000
489,4.0000,2.0000,6.0000,5.0000,1.0000,2.0000,0.0000,3.0000,3.0000,0.9710,0.9909,0.0000,1.0000,0.0000,4.0000,6.0000,2.3219,1.6667,2.0000,48828,129.9718,341198119.5417,0.0000
491,4.0000,1.0000,7.0000,5.0000,2.0000,1.0000,2.0000,5.0000,5.0000,0.8813,1.0079,0.0000,1.0000,0.0000,5.0000,6.0000,2.3219,1.6667,1.0000,48828,137.7521,958493059.0924,0.0000
493,4.0000,1.0000,7.0000,5.0000,1.0000,3.0000,1.0000,7.0000,7.0000,0.8813,0.9427,0.0000,1.0000,0.0000,3.0000,6.0000,2.3219,1.6667,1.0000,48828,114.5162,49089688.1500,0.0000
495,4.0000,1.0000,8.0000,3.0000,4.0000,1.0000,0.0000,0.0000,9.0000,0.7219,1.0080,0.0000,1.0000,0.0000,3.0000,4.0000,1.7219,2.5000,1.0000,48828,137.9041,866934349.2662,0.0000
497,5.0000,3.0000,6.0000,3.0000,1.0000,2.0000,2.0000,2.0000,11.0000,0.9710,0.9354,0.0000,1.0000,0.0000,2.0000,4.0000,1.6855,2.5000,3.0000,48828,107.0339,29809415.6925,0.0000
499,5.0000,2.0000,7.0000,3.0000,2.0000,1.0000,1.0000,4.0000,13.0000,0.8813,0.9541,0.0000,1.0000,0.0000,2.0000,4.0000,1.7610,2.5000,2.0000,48828,114.7019,65072060.5144,0.0000
501,5.0000,1.0000,7.0000,5.0000,1.0000,5.0000,0.0000,6.0000,15.0000,0.8813,0.9695,0.0000,1.0000,0.0000,5.0000,6.0000,2.1610,1.6667,1.0000,48828,114.8235,48637982.1643,0.0000
503,5.0000,1.0000,8.0000,3.0000,3.0000,1.0000,2.0000,8.0000,17.0000,0.7219,0.9929,0.0000,1.0000,0.0000,3.0000,4.0000,1.6855,2.5000,1.0000,48828,130.0351,853892582.1917,0.0000
505,6.0000,2.0000,7.0000,3.0000,1.0000,2.0000,1.0000,1.0000,19.0000,0.8813,0.9655,0.0000,1.0000,0.0000,2.0000,4.0000,1.5710,2.5000,2.0000,48828,122.1965,114834216.7987,0.0000
507,6.0000,1.0000,8.0000,3.0000,2.0000,1.0000,0.0000,3.0000,21.0000,0.7219,0.9757,0.0000,1.0000,0.0000,3.0000,4.0000,1.5710,2.5000,1.0000,48828,122.4988,121096006.2379,0.0000
509,7.0000,1.0000,8.0000,3.0000,1.0000,3.0000,2.0000,5.0000,23.0000,0.7219,0.9979,0.0000,1.0000,0.0000,3.0000,4.0000,1.3568,2.5000,1.0000,48828,130.3088,337235488.9418,0.0000
511,9.0000,1.0000,9.0000,1.0000,9.0000,1.0000,1.0000,7.0000,25.0000,0.4690,1.0305,0.0000,1.0000,0.0000,2.0000,2.0000,0.4690,5.0000,1.0000,48828,145.5848,5010999326.1334,0.0000
513,1.0000,8.0000,2.0000,2.0000,1.0000,2.0000,0.0000,0.0000,0.0000,0.7219,0.9614,1.0000,0.0000,0.0000,2.0000,3.0000,0.9219,3.3333,8.0000,48828,122.6248,117042372.4626,0.0000
515,2.0000,7.0000,3.0000,2.0000,2.0000,1.0000,2.0000,2.0000,2.0000,0.8813,0.9324,1.0000,0.0000,0.0000,2.0000,3.0000,1.1568,3.3333,7.0000,48828,107.2456,43361208.7525,0.0000
517,1.0000,6.0000,3.0000,4.0000,1.0000,4.0000,1.0000,4.0000,4.0000,0.8813,0.9503,1.0000,0.0000,0.0000,4.0000,5.0000,1.7710,2.0000,6.0000,48828,114.9938,48355132.4583,0.0000
519,3.0000,6.0000,4.0000,2.0000,3.0000,1.0000,0.0000,6.0000,6.0000,0.9710,0.9680,1.0000,0.0000,0.0000,2.0000,3.0000,1.2955,3.3333,6.0000,48828,122.4386,228129566.6397,0.0000
521,1.0000,5.0000,3.0000,4.0000,1.0000,2.0000,2.0000,8.0000,8.0000,0.8813,0.9599,1.0000,0.0000,0.0000,3.0000,5.0000,1.9610,2.0000,5.0000,48828,115.0134,68405210.6542,0.0000
523,2.0000,5.0000,4.0000,4.0000,2.0000,1.0000,1.0000,1.0000,10.0000,0.9710,0.9463,1.0000,0.0000,0.0000,4.0000,5.0000,1.9610,2.0000,5.0000,48828,114.9938,59518115.7142,0.0000
525,2.0000,5.0000,4.0000,4.0000,1.0000,3.0000,0.0000,3.0000,12.0000,0.9710,0.8990,1.0000,0.0000,0.0000,3.0000,5.0000,1.9610,2.0000,5.0000,48828,99.6935,26538229.9782,0.0000
527,4.0000,5.0000,5.0000,2.0000,4.0000,1.0000,2.0000,5.0000,14.0000,1.0000,0.9918,1.0000,0.0000,0.0000,2.0000,3.0000,1.3610,3.3333,5.0000,48828,122.6354,162765416.2295,0.0000
529,1.0000,4.0000,3.0000,4.0000,1.0000,2.0000,1.0000,7.0000,16.0000,0.8813,0.9094,1.0000,0.0000,0.0000,3.0000,5.0000,2.0464,2.0000,4.0000,48828,99.6935,26538233.9223,0.0000
531,2.0000,4.0000,4.0000,4.0000,2.0000,1.0000,0.0000,0.0000,18.0000,0.9710,0.9683,1.0000,0.0000,0.0000,3.0000,5.0000,2.1219,2.0000,4.0000,48828,122.4557,126069297.7891,0.0000
533,1.0000,4.0000,4.0000,6.0000,1.0000,6.0000,2.0000,2.0000,20.0000,0.9710,0.9464,1.0000,0.0000,0.0000,6.0000,7.0000,2.5219,1.4286,4.0000,48828,107.3129,30578736.4257,0.0000
535,3.0000,4.0000,5.0000,4.0000,3.0000,1.0000,1.0000,4.0000,22.0000,1.0000,0.9639,1.0000,0.0000,0.0000,4.0000,5.0000,2.0464,2.0000,4.0000,48828,114.8439,88667051.2180,0.0000
537,2.0000,4.0000,4.0000,4.0000,1.0000,2.0000,0.0000,6.0000,24.0000,0.9710,0.9544,1.0000,0.0000,0.0000,2.0000,5.0000,2.1219,2.0000,4.0000,48828,114.8439,62784420.9405,0.0000
539,2.0000,4.0000,5.0000,4.0000,2.0000,1.0000,2.0000,8.0000,26.0000,1.0000,1.0001,1.0000,0.0000,0.0000,3.0000,5.0000,2.1219,2.0000,4.0000,48828,130.1027,759675734.5080,0.0000
541,3.0000,4.0000,5.0000,4.0000,1.0000,3.0000,1.0000,1.0000,1.0000,1.0000,0.9338,1.0000,0.0000,0.0000,3.0000,5.0000,2.0464,2.0000,4.0000,48828,107.2902,31529888.1670,0.0000
543,5.0000,4.0000,6.0000,2.0000,5.0000,1.0000,0.0000,3.0000,3.0000,0.9710,0.9912,1.0000,0.0000,0.0000,2.0000,3.0000,1.3610,3.3333,4.0000,48828,130.1729,2699359208.6505,0.0000
545,1.0000,4.0000,3.0000,4.0000,1.0000,2.0000,2.0000,5.0000,5.0000,0.8813,0.9437,1.0000,0.0000,0.0000,3.0000,5.0000,2.0464,2.0000,4.0000,48828,114.9746,49929614.8577,0.0000
547,2.0000,3.0000,4.0000,4.0000,2.0000,1.0000,1.0000,7.0000,7.0000,0.9710,0.9386,1.0000,0.0000,0.0000,3.0000,5.0000,2.1710,2.0000,3.0000,48828,107.3129,42642455.7385,0.0000
549,1.0000,3.0000,4.0000,6.0000,1.0000,4.0000,0.0000,0.0000,9.0000,0.9710,0.9792,1.0000,0.0000,0.0000,4.0000,7.0000,2.6464,1.4286,3.0000,48828,122.4249,105893078.7879,0.0000
551,3.0000,3.0000,5.0000,4.0000,3.0000,1.0000,2.0000,2.0000,11.0000,1.0000,0.9745,1.0000,0.0000,0.0000,3.0000,5.0000,2.1710,2.0000,3.0000,48828,114.6947,82714749.3249,0.0000
553,1.0000,3.0000,4.0000,6.0000,1.0000,2.0000,1.0000,4.0000,13.0000,0.9710,1.0082,1.0000,0.0000,0.0000,5.0000,7.0000,2.6464,1.4286,3.0000,48828,137.8077,835451637.3920,0.0000
555,2.0000,3.0000,5.0000,6.0000,2.0000,1.0000,0.0000,6.0000,15.0000,1.0000,0.9418,1.0000,0.0000,0.0000,6.0000,7.0000,2.6464,1.4286,3.0000,48828,107.3129,42642467.3994,0.0000
557,2.0000,3.0000,5.0000,6.0000,1.0000,3.0000,2.0000,8.0000,17.0000,1.0000,0.9463,1.0000,0.0000,0.0000,4.0000,7.0000,2.6464,1.4286,3.0000,48828,115.0662,50476922.8845,0.0000
559,4.0000,3.0000,6.0000,4.0000,4.0000,1.0000,1.0000,1.0000,19.0000,0.9710,1.0081,1.0000,0.0000,0.0000,4.0000,5.0000,2.0464,2.0000,3.0000,48828,137.8846,1036003585.8444,0.0000
561,2.0000,3.0000,4.0000,4.0000,1.0000,2.0000,0.0000,3.0000,21.0000,0.9710,0.9787,1.0000,0.0000,0.0000,2.0000,5.0000,2.1710,2.0000,3.0000,48828,122.5090,113541656.3434,0.0000
563,2.0000,3.0000,5.0000,4.0000,2.0000,1.0000,2.0000,5.0000,23.0000,1.0000,0.9750,1.0000,0.0000,0.0000,2.0000,5.0000,2.2464,2.0000,3.0000,48828,122.5090,122051602.7909,0.0000
565,2.0000,3.0000,5.0000,6.0000,1.0000,5.0000,1.0000,7.0000,25.0000,1.0000,0.8929,1.0000,0.0000,0.0000,5.0000,7.0000,2.6464,1.4286,3.0000,48828,92.0282,25679481.6262,0.0000
567,3.0000,3.0000,6.0000,4.0000,3.0000,1.0000,0.0000,0.0000,0.0000,0.9710,1.0141,1.0000,0.0000,0.0000,3.0000,5.0000,2.1710,2.0000,3.0000,48828,137.7793,1413005522.7963,0.0000
569,3.0000,3.0000,5.0000,4.0000,1.0000,2.0000,2.0000,2.0000,2.0000,1.0000,0.9617,1.0000,0.0000,0.0000,2.0000,5.0000,2.1710,2.0000,3.0000,48828,122.7952,121087159.1298,0.0000
571,3.0000,3.0000,6.0000,4.0000,2.0000,1.0000,1.0000,4.0000,4.0000,0.9710,0.9556,1.0000,0.0000,0.0000,3.0000,5.0000,2.1710,2.0000,3.0000,48828,114.9256,68367760.0632,0.0000
573,4.0000,3.0000,6.0000,4.0000,1.0000,3.0000,0.0000,6.0000,6.0000,0.9710,0.9579,1.0000,0.0000,0.0000,3.0000,5.0000,2.0464,2.0000,3.0000,48828,115.0034,49698476.1185,0.0000
575,6.0000,3.0000,7.0000,2.0000,6.0000,1.0000,2.0000,8.0000,8.0000,0.8813,1.0014,1.0000,0.0000,0.0000,2.0000,3.0000,1.2955,3.3333,3.0000,48828,122.5597,260280696.5756,0.0000
577,1.0000,5.0000,3.0000,4.0000,1.0000,2.0000,1.0000,1.0000,10.0000,0.8813,0.9204,1.0000,0.0000,0.0000,3.0000,5.0000,1.9610,2.0000,5.0000,48828,107.4125,31288368.8262,0.0000
579,2.0000,4.0000,4.0000,4.0000,2.0000,1.0000,0.0000,3.0000,12.0000,0.9710,0.9476,1.0000,0.0000,0.0000,3.0000,5.0000,2.1219,2.0000,4.0000,48828,107.4125,43369082.2320,0.0000
581,1.0000,3.0000,4.0000,6.0000,1.0000,4.0000,2.0000,5.0000,14.0000,0.9710,0.9235,1.0000,0.0000,0.0000,4.0000,7.0000,2.6464,1.4286,3.0000,48828,107.4166,31057161.9961,0.0000
583,3.0000,3.0000,5.0000,4.0000,3.0000,1.0000,1.0000,7.0000,16.0000,1.0000,0.9756,1.0000,0.0000,0.0000,3.0000,5.0000,2.1710,2.0000,3.0000,48828,122.3649,136435283.7014,0.0000
585,1.0000,2.0000,4.0000,6.0000,1.0000,2.0000,0.0000,0.0000,18.0000,0.9710,0.9732,1.0000,0.0000,0.0000,3.0000,7.0000,2.7219,1.4286,2.0000,48828,122.2168,124650505.6117,0.0000
587,2.0000,2.0000,5.0000,6.0000,2.0000,1.0000,2.0000,2.0000,20.0000,1.0000,0.9470,1.0000,0.0000,0.0000,4.0000,7.0000,2.7219,1.4286,2.0000,48828,107.4166,43135781.2160,0.0000
589,2.0000,2.0000,5.0000,6.0000,1.0000,3.0000,1.0000,4.0000,22.0000,1.0000,0.9286,1.0000,0.0000,0.0000,3.0000,7.0000,2.7219,1.4286,2.0000,48828,107.4166,31057169.6568,0.0000
591,4.0000,2.0000,6.0000,4.0000,4.0000,1.0000,0.0000,6.0000,24.0000,0.9710,0.9753,1.0000,0.0000,0.0000,3.0000,5.0000,2.1219,2.0000,2.0000,48828,122.5140,146751746.1602,0.0000
593,1.0000,3.0000,4.0000,6.0000,1.0000,2.0000,2.0000,8.0000,26.0000,0.9710,0.9680,1.0000,0.0000,0.0000,5.0000,7.0000,2.6464,1.4286,3.0000,48828,122.2820,124095762.9755,0.0000
595,2.0000,2.0000,5.0000,6.0000,2.0000,1.0000,1.0000,1.0000,1.0000,1.0000,0.9830,1.0000,0.0000,0.0000,5.0000,7.0000,2.7219,1.4286,2.0000,48828,122.2820,140247854.0152,0.0000
597,1.0000,2.0000,5.0000,8.0000,1.0000,8.0000,0.0000,3.0000,3.0000,1.0000,0.9442,1.0000,0.0000,0.0000,8.0000,9.0000,3.1219,1.1111,2.0000,48828,99.6451,27237077.3293,0.0000
599,3.0000,2.0000,6.0000,6.0000,3.0000,1.0000,2.0000,5.0000,5.0000,0.9710,0.9581,1.0000,0.0000,0.0000,6.0000,7.0000,2.6464,1.4286,2.0000,48828,114.8544,83134684.9980,0.0000
601,2.0000,2.0000,5.0000,6.0000,1.0000,2.0000,1.0000,7.0000,7.0000,1.0000,0.9791,1.0000,0.0000,0.0000,4.0000,7.0000,2.7219,1.4286,2.0000,48828,122.4795,158075400.2910,0.0000
603,2.0000,2.0000,6.0000,6.0000,2.0000,1.0000,0.0000,0.0000,9.0000,0.9710,0.9908,1.0000,0.0000,0.0000,4.0000,7.0000,2.7219,1.4286,2.0000,48828,129.9695,473616621.0587,0.0000
605,3.0000,2.0000,6.0000,6.0000,1.0000,3.0000,2.0000,2.0000,11.0000,0.9710,0.9296,1.0000,0.0000,0.0000,4.0000,7.0000,2.6464,1.4286,2.0000,48828,99.8736,27442328.8063,0.0000
607,5.0000,2.0000,7.0000,4.0000,5.0000,1.0000,1.0000,4.0000,13.0000,0.8813,0.9846,1.0000,0.0000,0.0000,4.0000,5.0000,1.9610,2.0000,2.0000,48828,122.5657,193384840.2654,0.0000
609,2.0000,4.0000,4.0000,4.0000,1.0000,2.0000,0.0000,6.0000,15.0000,0.9710,0.9611,1.0000,0.0000,0.0000,2.0000,5.0000,2.1219,2.0000,4.0000,48828,115.3383,51910603.7061,0.0000
611,2.0000,3.0000,5.0000,4.0000,2.0000,1.0000,2.0000,8.0000,17.0000,1.0000,0.9528,1.0000,0.0000,0.0000,2.0000,5.0000,2.2464,2.0000,3.0000,48828,107.4187,44077685.4286,0.0000
613,2.0000,2.0000,5.0000,6.0000,1.0000,4.0000,1.0000,1.0000,19.0000,1.0000,0.9293,1.0000,0.0000,0.0000,4.0000,7.0000,2.7219,1.4286,2.0000,48828,107.4187,32020820.1518,0.0000
615,3.0000,2.0000,6.0000,4.0000,3.0000,1.0000,0.0000,3.0000,21.0000,0.9710,1.0005,1.0000,0.0000,0.0000,2.0000,5.0000,2.2464,2.0000,2.0000,48828,130.2890,444940210.3564,0.0000
617,2.0000,2.0000,5.0000,6.0000,1.0000,2.0000,2.0000,5.0000,23.0000,1.0000,0.9933,1.0000,0.0000,0.0000,4.0000,7.0000,2.7219,1.4286,2.0000,48828,130.1035,321338089.6616,0.0000
619,2.0000,2.0000,6.0000,6.0000,2.0000,1.0000,1.0000,7.0000,25.0000,0.9710,0.9667,1.0000,0.0000,0.0000,5.0000,7.0000,2.7219,1.4286,2.0000,48828,122.7474,124941845.9214,0.0000
621,2.0000,2.0000,6.0000,6.0000,1.0000,3.0000,0.0000,0.0000,0.0000,0.9710,0.9736,1.0000,0.0000,0.0000,3.0000,7.0000,2.7219,1.4286,2.0000,48828,122.5628,102584355.5713,0.0000
623,4.0000,2.0000,7.0000,4.0000,4.0000,1.0000,2.0000,2.0000,2.0000,0.8813,0.9916,1.0000,0.0000,0.0000,3.0000,5.0000,2.1219,2.0000,2.0000,48828,130.2921,296118778.7756,0.0000
625,3.0000,3.0000,5.0000,4.0000,1.0000,2.0000,1.0000,4.0000,4.0000,1.0000,0.9241,1.0000,0.0000,0.0000,2.0000,5.0000,2.1710,2.0000,3.0000,48828,99.6451,27237104.9371,0.0000
627,3.0000,2.0000,6.0000,4.0000,2.0000,1.0000,0.0000,6.0000,6.0000,0.9710,0.9684,1.0000,0.0000,0.0000,2.0000,5.0000,2.2464,2.0000,2.0000,48828,122.6037,104223716.1883,0.0000
629,3.0000,2.0000,6.0000,6.0000,1.0000,5.0000,2.0000,8.0000,8.0000,0.9710,0.9633,1.0000,0.0000,0.0000,5.0000,7.0000,2.6464,1.4286,2.0000,48828,114.5037,48448913.0088,0.0000
631,3.0000,2.0000,7.0000,4.0000,3.0000,1.0000,1.0000,1.0000,10.0000,0.8813,0.9503,1.0000,0.0000,0.0000,3.0000,5.0000,2.1710,2.0000,2.0000,48828,107.1444,62145166.4529,0.0000
633,4.0000,2.0000,6.0000,4.0000,1.0000,2.0000,0.0000,3.0000,12.0000,0.9710,0.9762,1.0000,0.0000,0.0000,2.0000,5.0000,2.1219,2.0000,2.0000,48828,122.7854,189154843.7636,0.0000
635,4.0000,2.0000,7.0000,4.0000,2.0000,1.0000,2.0000,5.0000,14.0000,0.8813,0.9598,1.0000,0.0000,0.0000,3.0000,5.0000,2.1219,2.0000,2.0000,48828,114.8132,62233344.3549,0.0000
637,5.0000,2.0000,7.0000,4.0000,1.0000,3.0000,1.0000,7.0000,16.0000,0.8813,0.9929,1.0000,0.0000,0.0000,3.0000,5.0000,1.9610,2.0000,2.0000,48828,130.1373,339833129.7540,0.0000
639,7.0000,2.0000,8.0000,2.0000,7.0000,1.0000,0.0000,0.0000,18.0000,0.7219,1.0266,1.0000,0.0000,0.0000,2.0000,3.0000,1.1568,3.3333,2.0000,48828,145.6357,3398929269.0597,0.0000
641,1.0000,6.0000,3.0000,4.0000,1.0000,2.0000,2.0000,2.0000,20.0000,0.8813,0.9864,1.0000,0.0000,0.0000,4.0000,5.0000,1.7710,2.0000,6.0000,48828,130.1598,395019399.0627,0.0000
643,2.0000,5.0000,4.0000,4.0000,2.0000,1.0000,1.0000,4.0000,22.0000,0.9710,0.9247,1.0000,0.0000,0.0000,4.0000,5.0000,1.9610,2.0000,5.0000,48828,99.6451,39595758.4687,0.0000
645,1.0000,4.0000,4.0000,6.0000,1.0000,4.0000,0.0000,6.0000,24.0000,0.9710,0.9503,1.0000,0.0000,0.0000,4.0000,7.0000,2.5219,1.4286,4.0000,48828,115.0171,50862234.4973,0.0000
647,3.0000,4.0000,5.0000,4.0000,3.0000,1.0000,2.0000,8.0000,26.0000,1.0000,0.9557,1.0000,0.0000,0.0000,4.0000,5.0000,2.0464,2.0000,4.0000,48828,115.0496,82827057.1971,0.0000
649,1.0000,3.0000,4.0000,6.0000,1.0000,2.0000,1.0000,1.0000,1.0000,0.9710,0.9914,1.0000,0.0000,0.0000,4.0000,7.0000,2.6464,1.4286,3.0000,48828,130.1508,403619480.4984,0.0000
651,2.0000,3.0000,5.0000,6.0000,2.0000,1.0000,0.0000,3.0000,3.0000,1.0000,0.9549,1.0000,0.0000,0.0000,4.0000,7.0000,2.6464,1.4286,3.0000,48828,115.0171,62022708.6805,0.0000
653,2.0000,3.0000,5.0000,6.0000,1.0000,3.0000,2.0000,5.0000,5.0000,1.0000,0.9381,1.0000,0.0000,0.0000,4.0000,7.0000,2.6464,1.4286,3.0000,48828,107.2027,31112437.2730,0.0000
655,4.0000,3.0000,6.0000,4.0000,4.0000,1.0000,1.0000,7.0000,7.0000,0.9710,1.0031,1.0000,0.0000,0.0000,4.0000,5.0000,2.0464,2.0000,3.0000,48828,130.1745,321570920.0828,0.0000
657,1.0000,3.0000,4.0000,6.0000,1.0000,2.0000,0.0000,0.0000,9.0000,0.9710,0.9436,1.0000,0.0000,0.0000,4.0000,7.0000,2.6464,1.4286,3.0000,48828,114.8790,48090884.5160,0.0000
659,2.0000,2.0000,5.0000,6.0000,2.0000,1.0000,2.0000,2.0000,11.0000,1.0000,0.9517,1.0000,0.0000,0.0000,4.0000,7.0000,2.7219,1.4286,2.0000,48828,114.8790,59267304.8653,0.0000
661,1.0000,2.0000,5.0000,8.0000,1.0000,6.0000,1.0000,4.0000,13.0000,1.0000,0.9786,1.0000,0.0000,0.0000,6.0000,9.0000,3.1219,1.1111,2.0000,48828,114.8966,44887344.3088,0.0000
663,3.0000,2.0000,6.0000,6.0000,3.0000,1.0000,0.0000,6.0000,15.0000,0.9710,0.9634,1.0000,0.0000,0.0000,4.0000,7.0000,2.6464,1.4286,2.0000,48828,107.2027,61525955.0582,0.0000
665,2.0000,2.0000,5.0000,6.0000,1.0000,2.0000,2.0000,8.0000,17.0000,1.0000,0.9682,1.0000,0.0000,0.0000,4.0000,7.0000,2.7219,1.4286,2.0000,48828,122.5493,519181572.6945,0.0000
667,2.0000,2.0000,6.0000,6.0000,2.0000,1.0000,1.0000,1.0000,19.0000,0.9710,1.0081,1.0000,0.0000,0.0000,4.0000,7.0000,2.7219,1.4286,2.0000,48828,137.8956,949138704.4333,0.0000
669,3.0000,2.0000,6.0000,6.0000,1.0000,3.0000,0.0000,3.0000,21.0000,0.9710,0.9679,1.0000,0.0000,0.0000,4.0000,7.0000,2.6464,1.4286,2.0000,48828,122.3489,114414084.7827,0.0000
671,5.0000,2.0000,7.0000,4.0000,5.0000,1.0000,2.0000,5.0000,23.0000,0.8813,1.0125,1.0000,0.0000,0.0000,4.0000,5.0000,1.9610,2.0000,2.0000,48828,137.9560,1198196122.9010,0.0000
673,1.0000,4.0000,4.0000,6.0000,1.0000,2.0000,1.0000,7.0000,25.0000,0.9710,0.9657,1.0000,0.0000,0.0000,6.0000,7.0000,2.5219,1.4286,4.0000,48828,122.3721,137230586.5914,0.0000
675,2.0000,3.0000,5.0000,6.0000,2.0000,1.0000,0.0000,0.0000,0.0000,1.0000,0.9916,1.0000,0.0000,0.0000,6.0000,7.0000,2.6464,1.4286,3.0000,48828,122.6378,112907827.2925,0.0000
677,1.0000,2.0000,5.0000,8.0000,1.0000,4.0000,2.0000,2.0000,2.0000,1.0000,1.0031,1.0000,0.0000,0.0000,6.0000,9.0000,3.1219,1.1111,2.0000,48828,130.3126,768023376.8029,0.0000
679,3.0000,2.0000,6.0000,6.0000,3.0000,1.0000,1.0000,4.0000,4.0000,0.9710,0.9909,1.0000,0.0000,0.0000,6.0000,7.0000,2.6464,1.4286,2.0000,48828,129.9430,322530948.6048,0.0000
681,1.0000,2.0000,5.0000,8.0000,1.0000,2.0000,0.0000,6.0000,6.0000,1.0000,1.0265,1.0000,0.0000,0.0000,8.0000,9.0000,3.1219,1.1111,2.0000,48828,145.5743,4650509871.5866,0.0000
683,2.0000,1.0000,6.0000,8.0000,2.0000,1.0000,2.0000,8.0000,8.0000,0.9710,0.9614,1.0000,0.0000,0.0000,9.0000,9.0000,3.1219,1.1111,1.0000,48828,122.6044,223214829.6758,0.0000
685,2.0000,1.0000,6.0000,8.0000,1.0000,3.0000,1.0000,1.0000,10.0000,0.9710,0.9388,1.0000,0.0000,0.0000,7.0000,9.0000,3.1219,1.1111,1.0000,48828,115.2609,48740856.0396,0.0000
687,4.0000,1.0000,7.0000,6.0000,4.0000,1.0000,0.0000,3.0000,12.0000,0.8813,0.9733,1.0000,0.0000,0.0000,7.0000,7.0000,2.5219,1.4286,1.0000,48828,122.4324,206749486.6427,0.0000
689,2.0000,3.0000,5.0000,6.0000,1.0000,2.0000,2.0000,5.0000,14.0000,1.0000,0.9200,1.0000,0.0000,0.0000,5.0000,7.0000,2.6464,1.4286,3.0000,48828,107.2122,32014520.4837,0.0000
691,2.0000,2.0000,6.0000,6.0000,2.0000,1.0000,1.0000,7.0000,16.0000,0.9710,0.9290,1.0000,0.0000,0.0000,5.0000,7.0000,2.7219,1.4286,2.0000,48828,107.2122,44077328.7928,0.0000
693,2.0000,1.0000,6.0000,8.0000,1.0000,5.0000,0.0000,0.0000,18.0000,0.9710,0.9297,1.0000,0.0000,0.0000,5.0000,9.0000,3.1219,1.1111,1.0000,48828,107.4007,31044746.2730,0.0000
695,3.0000,1.0000,7.0000,6.0000,3.0000,1.0000,2.0000,2.0000,20.0000,0.8813,0.9734,1.0000,0.0000,0.0000,5.0000,7.0000,2.6464,1.4286,1.0000,48828,122.5054,130790549.4615,0.0000
697,3.0000,2.0000,6.0000,6.0000,1.0000,2.0000,1.0000,4.0000,22.0000,0.9710,0.9435,1.0000,0.0000,0.0000,5.0000,7.0000,2.6464,1.4286,2.0000,48828,114.8332,54479603.8975,0.0000
699,3.0000,1.0000,7.0000,6.0000,2.0000,1.0000,0.0000,6.0000,24.0000,0.8813,0.9734,1.0000,0.0000,0.0000,5.0000,7.0000,2.6464,1.4286,1.0000,48828,122.6118,151864188.2136,0.0000
701,4.0000,1.0000,7.0000,6.0000,1.0000,3.0000,2.0000,8.0000,26.0000,0.8813,0.9544,1.0000,0.0000,0.0000,5.0000,7.0000,2.5219,1.4286,1.0000,48828,114.8565,64827179.8446,0.0000
703,6.0000,1.0000,8.0000,4.0000,6.0000,1.0000,1.0000,1.0000,1.0000,0.7219,1.0086,1.0000,0.0000,0.0000,5.0000,5.0000,1.7710,2.0000,1.0000,48828,138.2710,967498297.9481,0.0000
705,2.0000,5.0000,4.0000,4.0000,1.0000,2.0000,0.0000,3.0000,3.0000,0.9710,0.9192,1.0000,0.0000,0.0000,3.0000,5.0000,1.9610,2.0000,5.0000,48828,107.4007,31044757.7493,0.0000
707,2.0000,4.0000,5.0000,4.0000,2.0000,1.0000,2.0000,5.0000,5.0000,1.0000,0.9789,1.0000,0.0000,0.0000,3.0000,5.0000,2.1219,2.0000,4.0000,48828,122.4159,109108414.1089,0.0000
709,2.0000,3.0000,5.0000,6.0000,1.0000,4.0000,1.0000,7.0000,7.0000,1.0000,0.8999,1.0000,0.0000,0.0000,4.0000,7.0000,2.6464,1.4286,3.0000,48828,99.5312,27312044.7919,0.0000
711,3.0000,3.0000,6.0000,4.0000,3.0000,1.0000,0.0000,0.0000,9.0000,0.9710,0.9597,1.0000,0.0000,0.0000,3.0000,5.0000,2.1710,2.0000,3.0000,48828,114.8176,76536095.8031,0.0000
713,2.0000,2.0000,5.0000,6.0000,1.0000,2.0000,2.0000,2.0000,11.0000,1.0000,0.9641,1.0000,0.0000,0.0000,3.0000,7.0000,2.7219,1.4286,2.0000,48828,115.0216,66453093.3645,0.0000
715,2.0000,2.0000,6.0000,6.0000,2.0000,1.0000,1.0000,4.0000,13.0000,0.9710,0.9790,1.0000,0.0000,0.0000,4.0000,7.0000,2.7219,1.4286,2.0000,48828,122.6041,126346370.2165,0.0000
717,2.0000,2.0000,6.0000,6.0000,1.0000,3.0000,0.0000,6.0000,15.0000,0.9710,0.9004,1.0000,0.0000,0.0000,3.0000,7.0000,2.7219,1.4286,2.0000,48828,99.5312,27312052.6808,0.0000
719,4.0000,2.0000,7.0000,4.0000,4.0000,1.0000,2.0000,8.0000,17.0000,0.8813,1.0138,1.0000,0.0000,0.0000,3.0000,5.0000,2.1219,2.0000,2.0000,48828,137.6788,1308752361.6092,0.0000
721,2.0000,3.0000,5.0000,6.0000,1.0000,2.0000,1.0000,1.0000,19.0000,1.0000,0.9439,1.0000,0.0000,0.0000,4.0000,7.0000,2.6464,1.4286,3.0000,48828,115.1724,51959222.2245,0.0000
723,2.0000,2.0000,6.0000,6.0000,2.0000,1.0000,0.0000,3.0000,21.0000,0.9710,0.9682,1.0000,0.0000,0.0000,4.0000,7.0000,2.7219,1.4286,2.0000,48828,115.1724,63112771.9435,0.0000
725,2.0000,1.0000,6.0000,8.0000,1.0000,7.0000,2.0000,5.0000,23.0000,0.9710,0.9242,1.0000,0.0000,0.0000,7.0000,9.0000,3.1219,1.1111,1.0000,48828,99.6426,26636025.7999,0.0000
727,3.0000,1.0000,7.0000,6.0000,3.0000,1.0000,1.0000,7.0000,25.0000,0.8813,0.9665,1.0000,0.0000,0.0000,5.0000,7.0000,2.6464,1.4286,1.0000,48828,114.9450,80916288.1342,0.0000
729,2.0000,2.0000,6.0000,6.0000,1.0000,2.0000,0.0000,0.0000,0.0000,0.9710,0.9360,1.0000,0.0000,0.0000,3.0000,7.0000,2.7219,1.4286,2.0000,48828,107.2562,35526443.3495,0.0000
731,2.0000,1.0000,7.0000,6.0000,2.0000,1.0000,2.0000,2.0000,2.0000,0.8813,0.9933,1.0000,0.0000,0.0000,3.0000,7.0000,2.7219,1.4286,1.0000,48828,130.2246,267013556.2767,0.0000
733,3.0000,1.0000,7.0000,6.0000,1.0000,3.0000,1.0000,4.0000,4.0000,0.8813,0.9512,1.0000,0.0000,0.0000,3.0000,7.0000,2.6464,1.4286,1.0000,48828,114.6420,47836372.4151,0.0000
735,5.0000,1.0000,8.0000,4.0000,5.0000,1.0000,0.0000,6.0000,6.0000,0.7219,0.9824,1.0000,0.0000,0.0000,3.0000,5.0000,1.9610,2.0000,1.0000,48828,122.2047,209025815.5574,0.0000
737,3.0000,4.0000,5.0000,4.0000,1.0000,2.0000,2.0000,8.0000,8.0000,1.0000,0.9909,1.0000,0.0000,0.0000,3.0000,5.0000,2.0464,2.0000,4.0000,48828,129.9122,330911697.9853,0.0000
739,3.0000,3.0000,6.0000,4.0000,2.0000,1.0000,1.0000,1.0000,10.0000,0.9710,0.9443,1.0000,0.0000,0.0000,3.0000,5.0000,2.1710,2.0000,3.0000,48828,99.6426,38994789.6070,0.0000
741,3.0000,2.0000,6.0000,6.0000,1.0000,4.0000,0.0000,3.0000,12.0000,0.9710,0.9321,1.0000,0.0000,0.0000,4.0000,7.0000,2.6464,1.4286,2.0000,48828,107.0657,34103674.8175,0.0000
743,3.0000,2.0000,7.0000,4.0000,3.0000,1.0000,2.0000,5.0000,14.0000,0.8813,1.0079,1.0000,0.0000,0.0000,3.0000,5.0000,2.1710,2.0000,2.0000,48828,137.6604,1194676014.5262,0.0000
745,3.0000,2.0000,6.0000,6.0000,1.0000,2.0000,1.0000,7.0000,16.0000,0.9710,0.9870,1.0000,0.0000,0.0000,4.0000,7.0000,2.6464,1.4286,2.0000,48828,130.2681,461219095.8838,0.0000
747,3.0000,1.0000,7.0000,6.0000,2.0000,1.0000,0.0000,0.0000,18.0000,0.8813,0.9765,1.0000,0.0000,0.0000,5.0000,7.0000,2.6464,1.4286,1.0000,48828,122.6735,126560903.2163,0.0000
749,3.0000,1.0000,7.0000,6.0000,1.0000,3.0000,2.0000,2.0000,20.0000,0.8813,0.9456,1.0000,0.0000,0.0000,3.0000,7.0000,2.6464,1.4286,1.0000,48828,114.7691,52663023.4880,0.0000
751,4.0000,1.0000,8.0000,4.0000,4.0000,1.0000,1.0000,4.0000,22.0000,0.7219,1.0123,1.0000,0.0000,0.0000,3.0000,5.0000,2.0464,2.0000,1.0000,48828,137.9093,917233382.7990,0.0000
753,4.0000,3.0000,6.0000,4.0000,1.0000,2.0000,0.0000,6.0000,24.0000,0.9710,0.9066,1.0000,0.0000,0.0000,3.0000,5.0000,2.0464,2.0000,3.0000,48828,99.6426,26636053.4116,0.0000
755,4.0000,2.0000,7.0000,4.0000,2.0000,1.0000,2.0000,8.0000,26.0000,0.8813,0.9931,1.0000,0.0000,0.0000,3.0000,5.0000,2.1219,2.0000,2.0000,48828,130.1862,708430722.3858,0.0000
757,4.0000,1.0000,7.0000,6.0000,1.0000,5.0000,1.0000,1.0000,1.0000,0.8813,0.9636,1.0000,0.0000,0.0000,5.0000,7.0000,2.5219,1.4286,1.0000,48828,114.6752,47804319.2798,0.0000
759,4.0000,1.0000,8.0000,4.0000,3.0000,1.0000,0.0000,3.0000,3.0000,0.7219,0.9679,1.0000,0.0000,0.0000,3.0000,5.0000,2.0464,2.0000,1.0000,48828,122.1875,167388559.3807,0.0000
761,5.0000,2.0000,7.0000,4.0000,1.0000,2.0000,2.0000,5.0000,5.0000,0.8813,0.9597,1.0000,0.0000,0.0000,3.0000,5.0000,1.9610,2.0000,2.0000,48828,114.6672,67285819.4527,0.0000
763,5.0000,1.0000,8.0000,4.0000,2.0000,1.0000,1.0000,7.0000,7.0000,0.7219,0.9910,1.0000,0.0000,0.0000,3.0000,5.0000,1.9610,2.0000,1.0000,48828,129.8959,735721594.2391,0.0000
765,6.0000,1.0000,8.0000,4.0000,1.0000,3.0000,0.0000,0.0000,9.0000,0.7219,0.9931,1.0000,0.0000,0.0000,3.0000,5.0000,1.7710,2.0000,1.0000,48828,130.1048,329569687.2249,0.0000
767,8.0000,1.0000,9.0000,2.0000,8.0000,1.0000,2.0000,2.0000,11.0000,0.4690,1.0267,1.0000,0.0000,0.0000,3.0000,3.0000,0.9219,3.3333,1.0000,48828,145.6976,4223053791.8066,0.0000
769,2.0000,7.0000,3.0000,2.0000,1.0000,2.0000,1.0000,4.0000,13.0000,0.8813,0.9248,2.0000,0.0000,0.0000,2.0000,3.0000,1.1568,3.3333,7.0000,48828,107.0428,31052943.2236,0.0000
771,2.0000,6.0000,4.0000,2.0000,2.0000,1.0000,0.0000,6.0000,15.0000,0.9710,0.9556,2.0000,0.0000,0.0000,2.0000,3.0000,1.3710,3.3333,6.0000,48828,114.7802,56832208.1996,0.0000
773,2.0000,5.0000,4.0000,4.0000,1.0000,4.0000,2.0000,8.0000,17.0000,0.9710,0.9227,2.0000,0.0000,0.0000,4.0000,5.0000,1.9610,2.0000,5.0000,48828,107.2955,31372349.8978,0.0000
775,3.0000,5.0000,5.0000,2.0000,3.0000,1.0000,1.0000,1.0000,19.0000,1.0000,0.9730,2.0000,0.0000,0.0000,2.0000,3.0000,1.4855,3.3333,5.0000,48828,122.3542,122670388.0634,0.0000
777,2.0000,4.0000,4.0000,4.0000,1.0000,2.0000,0.0000,3.0000,21.0000,0.9710,0.9864,2.0000,0.0000,0.0000,3.0000,5.0000,2.1219,2.0000,4.0000,48828,129.9318,325196992.1484,0.0000
779,2.0000,4.0000,5.0000,4.0000,2.0000,1.0000,2.0000,5.0000,23.0000,1.0000,0.9677,2.0000,0.0000,0.0000,4.0000,5.0000,2.1219,2.0000,4.0000,48828,122.2978,217465308.2453,0.0000
781,2.0000,4.0000,5.0000,4.0000,1.0000,3.0000,1.0000,7.0000,25.0000,1.0000,0.9579,2.0000,0.0000,0.0000,3.0000,5.0000,2.1219,2.0000,4.0000,48828,114.9516,51282366.5858,0.0000
783,4.0000,4.0000,6.0000,2.0000,4.0000,1.0000,0.0000,0.0000,0.0000,0.9710,0.9764,2.0000,0.0000,0.0000,2.0000,3.0000,1.5219,3.3333,4.0000,48828,107.2955,89427694.0071,0.0000
785,2.0000,3.0000,4.0000,4.0000,1.0000,2.0000,2.0000,2.0000,2.0000,0.9710,0.9459,2.0000,0.0000,0.0000,3.0000,5.0000,2.1710,2.0000,3.0000,48828,114.9516,51282370.0579,0.0000
787,2.0000,3.0000,5.0000,4.0000,2.0000,1.0000,1.0000,4.0000,4.0000,1.0000,0.9729,2.0000,0.0000,0.0000,3.0000,5.0000,2.2464,2.0000,3.0000,48828,122.3054,151947730.8754,0.0000
789,2.0000,3.0000,5.0000,6.0000,1.0000,6.0000,0.0000,6.0000,6.0000,1.0000,0.8928,2.0000,0.0000,0.0000,6.0000,7.0000,2.6464,1.4286,3.0000,48828,91.9832,25592043.3925,0.0000
791,3.0000,3.0000,6.0000,4.0000,3.0000,1.0000,2.0000,8.0000,8.0000,0.9710,0.9916,2.0000,0.0000,0.0000,4.0000,5.0000,2.1710,2.0000,3.0000,48828,122.5919,135859290.4837,0.0000
793,2.0000,3.0000,5.0000,4.0000,1.0000,2.0000,1.0000,1.0000,10.0000,1.0000,0.9930,2.0000,0.0000,0.0000,2.0000,5.0000,2.2464,2.0000,3.0000,48828,130.2450,351652153.9101,0.0000
795,2.0000,3.0000,6.0000,4.0000,2.0000,1.0000,0.0000,3.0000,12.0000,0.9710,1.0262,2.0000,0.0000,0.0000,3.0000,5.0000,2.2464,2.0000,3.0000,48828,145.4029,3462009430.8668,0.0000
797,3.0000,3.0000,6.0000,4.0000,1.0000,3.0000,2.0000,5.0000,14.0000,0.9710,0.9439,2.0000,0.0000,0.0000,3.0000,5.0000,2.1710,2.0000,3.0000,48828,115.0988,52923705.6511,0.0000
799,5.0000,3.0000,7.0000,2.0000,5.0000,1.0000,1.0000,7.0000,16.0000,0.8813,0.9935,2.0000,0.0000,0.0000,2.0000,3.0000,1.4855,3.3333,3.0000,48828,130.4965,2843917464.4441,0.0000
801,2.0000,4.0000,4.0000,4.0000,1.0000,2.0000,0.0000,0.0000,18.0000,0.9710,0.9500,2.0000,0.0000,0.0000,3.0000,5.0000,2.1219,2.0000,4.0000,48828,115.0244,90248197.7748,0.0000
803,2.0000,3.0000,5.0000,4.0000,2.0000,1.0000,2.0000,2.0000,20.0000,1.0000,0.9371,2.0000,0.0000,0.0000,3.0000,5.0000,2.2464,2.0000,3.0000,48828,107.6720,45263960.9700,0.0000
805,2.0000,2.0000,5.0000,6.0000,1.0000,4.0000,1.0000,4.0000,22.0000,1.0000,0.9486,2.0000,0.0000,0.0000,4.0000,7.0000,2.7219,1.4286,2.0000,48828,107.6720,33192437.5172,0.0000
807,3.0000,2.0000,6.0000,4.0000,3.0000,1.0000,0.0000,6.0000,24.0000,0.9710,0.9927,2.0000,0.0000,0.0000,3.0000,5.0000,2.2464,2.0000,2.0000,48828,129.8397,363236089.3308,0.0000
809,2.0000,2.0000,5.0000,6.0000,1.0000,2.0000,2.0000,8.0000,26.0000,1.0000,0.9882,2.0000,0.0000,0.0000,5.0000,7.0000,2.7219,1.4286,2.0000,48828,122.3723,578187274.2423,0.0000
811,2.0000,2.0000,6.0000,6.0000,2.0000,1.0000,1.0000,1.0000,1.0000,0.9710,0.9445,2.0000,0.0000,0.0000,6.0000,7.0000,2.7219,1.4286,2.0000,48828,115.1541,62025778.6822,0.0000
813,2.0000,2.0000,6.0000,6.0000,1.0000,3.0000,0.0000,3.0000,3.0000,0.9710,0.9228,2.0000,0.0000,0.0000,4.0000,7.0000,2.7219,1.4286,2.0000,48828,107.3839,30864325.6106,0.0000
815,4.0000,2.0000,7.0000,4.0000,4.0000,1.0000,2.0000,5.0000,5.0000,0.8813,0.9763,2.0000,0.0000,0.0000,4.0000,5.0000,2.1219,2.0000,2.0000,48828,122.5534,140413381.0482,0.0000
817,2.0000,3.0000,5.0000,4.0000,1.0000,2.0000,1.0000,7.0000,7.0000,1.0000,0.9326,2.0000,0.0000,0.0000,2.0000,5.0000,2.2464,2.0000,3.0000,48828,107.3839,30864329.4350,0.0000
819,2.0000,2.0000,6.0000,4.0000,2.0000,1.0000,0.0000,0.0000,9.0000,0.9710,0.9281,2.0000,0.0000,0.0000,2.0000,5.0000,2.3219,2.0000,2.0000,48828,107.3839,42925515.8140,0.0000
821,2.0000,2.0000,6.0000,6.0000,1.0000,5.0000,2.0000,2.0000,11.0000,0.9710,0.9028,2.0000,0.0000,0.0000,5.0000,7.0000,2.7219,1.4286,2.0000,48828,99.6836,27076984.0101,0.0000
823,3.0000,2.0000,7.0000,4.0000,3.0000,1.0000,1.0000,4.0000,13.0000,0.8813,0.9835,2.0000,0.0000,0.0000,3.0000,5.0000,2.2464,2.0000,2.0000,48828,122.7167,155011828.3210,0.0000
825,3.0000,2.0000,6.0000,4.0000,1.0000,2.0000,0.0000,6.0000,15.0000,0.9710,0.9666,2.0000,0.0000,0.0000,2.0000,5.0000,2.2464,2.0000,2.0000,48828,122.8140,150982024.3711,0.0000
827,3.0000,2.0000,7.0000,4.0000,2.0000,1.0000,2.0000,8.0000,17.0000,0.8813,0.9641,2.0000,0.0000,0.0000,3.0000,5.0000,2.2464,2.0000,2.0000,48828,114.8487,62739792.8857,0.0000
829,4.0000,2.0000,7.0000,4.0000,1.0000,3.0000,1.0000,1.0000,19.0000,0.8813,0.9752,2.0000,0.0000,0.0000,3.0000,5.0000,2.1219,2.0000,2.0000,48828,122.2183,102206768.6142,0.0000
831,6.0000,2.0000,8.0000,2.0000,6.0000,1.0000,0.0000,3.0000,21.0000,0.7219,0.9977,2.0000,0.0000,0.0000,2.0000,3.0000,1.3710,3.3333,2.0000,48828,130.0110,438895977.5888,0.0000
833,2.0000,5.0000,4.0000,4.0000,1.0000,2.0000,2.0000,5.0000,23.0000,0.9710,0.9188,2.0000,0.0000,0.0000,4.0000,5.0000,1.9610,2.0000,5.0000,48828,99.6836,27076995.8447,0.0000
835,2.0000,4.0000,5.0000,4.0000,2.0000,1.0000,1.0000,7.0000,25.0000,1.0000,0.9564,2.0000,0.0000,0.0000,4.0000,5.0000,2.1219,2.0000,4.0000,48828,115.1397,60789156.4977,0.0000
837,2.0000,3.0000,5.0000,6.0000,1.0000,4.0000,0.0000,0.0000,0.0000,1.0000,0.9290,2.0000,0.0000,0.0000,4.0000,7.0000,2.6464,1.4286,3.0000,48828,107.2324,31612895.5146,0.0000
839,3.0000,3.0000,6.0000,4.0000,3.0000,1.0000,2.0000,2.0000,2.0000,0.9710,0.9913,2.0000,0.0000,0.0000,4.0000,5.0000,2.1710,2.0000,3.0000,48828,130.1237,317012727.0047,0.0000
841,2.0000,2.0000,5.0000,6.0000,1.0000,2.0000,1.0000,4.0000,4.0000,1.0000,0.9549,2.0000,0.0000,0.0000,4.0000,7.0000,2.7219,1.4286,2.0000,48828,115.0123,112217816.0064,0.0000
843,2.0000,2.0000,6.0000,6.0000,2.0000,1.0000,0.0000,6.0000,6.0000,0.9710,0.9357,2.0000,0.0000,0.0000,4.0000,7.0000,2.7219,1.4286,2.0000,48828,107.2324,43668626.2227,0.0000
845,2.0000,2.0000,6.0000,6.0000,1.0000,3.0000,2.0000,8.0000,8.0000,0.9710,0.9514,2.0000,0.0000,0.0000,4.0000,7.0000,2.7219,1.4286,2.0000,48828,114.8530,46440706.8113,0.0000
847,4.0000,2.0000,7.0000,4.0000,4.0000,1.0000,1.0000,1.0000,10.0000,0.8813,0.9736,2.0000,0.0000,0.0000,4.0000,5.0000,2.1219,2.0000,2.0000,48828,122.5345,176285858.9735,0.0000
849,2.0000,3.0000,5.0000,6.0000,1.0000,2.0000,0.0000,3.0000,12.0000,1.0000,0.9730,2.0000,0.0000,0.0000,6.0000,7.0000,2.6464,1.4286,3.0000,48828,122.3370,129865291.7633,0.0000
851,2.0000,2.0000,6.0000,6.0000,2.0000,1.0000,2.0000,5.0000,14.0000,0.9710,0.9975,2.0000,0.0000,0.0000,6.0000,7.0000,2.7219,1.4286,2.0000,48828,129.9171,402117182.6105,0.0000
853,2.0000,1.0000,6.0000,8.0000,1.0000,9.0000,1.0000,7.0000,16.0000,0.9710,0.9184,2.0000,0.0000,0.0000,9.0000,9.0000,3.1219,1.1111,1.0000,48828,92.0202,25450404.6397,0.0000
855,3.0000,1.0000,7.0000,6.0000,3.0000,1.0000,0.0000,0.0000,18.0000,0.8813,0.9797,2.0000,0.0000,0.0000,7.0000,7.0000,2.6464,1.4286,1.0000,48828,122.9142,121855315.0442,0.0000
857,2.0000,2.0000,6.0000,6.0000,1.0000,2.0000,2.0000,2.0000,20.0000,0.9710,0.9327,2.0000,0.0000,0.0000,5.0000,7.0000,2.7219,1.4286,2.0000,48828,107.4073,36963010.5210,0.0000
859,2.0000,1.0000,7.0000,6.0000,2.0000,1.0000,1.0000,4.0000,22.0000,0.8813,0.9865,2.0000,0.0000,0.0000,5.0000,7.0000,2.7219,1.4286,1.0000,48828,129.8234,402262497.3576,0.0000
861,3.0000,1.0000,7.0000,6.0000,1.0000,3.0000,0.0000,6.0000,24.0000,0.8813,0.9582,2.0000,0.0000,0.0000,5.0000,7.0000,2.6464,1.4286,1.0000,48828,114.9215,52415104.6213,0.0000
863,5.0000,1.0000,8.0000,4.0000,5.0000,1.0000,2.0000,8.0000,26.0000,0.7219,0.9902,2.0000,0.0000,0.0000,5.0000,5.0000,1.9610,2.0000,1.0000,48828,114.8934,558918574.2686,0.0000
865,2.0000,4.0000,5.0000,4.0000,1.0000,2.0000,1.0000,1.0000,1.0000,1.0000,0.9866,2.0000,0.0000,0.0000,3.0000,5.0000,2.1219,2.0000,4.0000,48828,130.1312,743821456.2944,0.0000
867,2.0000,3.0000,6.0000,4.0000,2.0000,1.0000,0.0000,3.0000,3.0000,0.9710,0.9253,2.0000,0.0000,0.0000,3.0000,5.0000,2.2464,2.0000,3.0000,48828,99.5703,39299145.7911,0.0000
869,2.0000,2.0000,6.0000,6.0000,1.0000,4.0000,2.0000,5.0000,5.0000,0.9710,0.9242,2.0000,0.0000,0.0000,4.0000,7.0000,2.7219,1.4286,2.0000,48828,99.5703,26937049.1020,0.0000
871,3.0000,2.0000,7.0000,4.0000,3.0000,1.0000,1.0000,7.0000,7.0000,0.8813,1.0263,2.0000,0.0000,0.0000,3.0000,5.0000,2.2464,2.0000,2.0000,48828,145.4957,2899250837.7154,0.0000
873,2.0000,2.0000,6.0000,6.0000,1.0000,2.0000,0.0000,0.0000,9.0000,0.9710,0.9792,2.0000,0.0000,0.0000,4.0000,7.0000,2.7219,1.4286,2.0000,48828,122.7126,156282479.4716,0.0000
875,2.0000,1.0000,7.0000,6.0000,2.0000,1.0000,2.0000,2.0000,11.0000,0.8813,0.9605,2.0000,0.0000,0.0000,5.0000,7.0000,2.7219,1.4286,1.0000,48828,115.1805,99314823.3657,0.0000
877,2.0000,1.0000,7.0000,6.0000,1.0000,3.0000,1.0000,4.0000,13.0000,0.8813,0.9547,2.0000,0.0000,0.0000,3.0000,7.0000,2.7219,1.4286,1.0000,48828,114.8297,47276532.3811,0.0000
879,4.0000,1.0000,8.0000,4.0000,4.0000,1.0000,0.0000,6.0000,15.0000,0.7219,0.9927,2.0000,0.0000,0.0000,3.0000,5.0000,2.1219,2.0000,1.0000,48828,129.8765,310586339.1049,0.0000
881,3.0000,3.0000,6.0000,4.0000,1.0000,2.0000,2.0000,8.0000,17.0000,0.9710,0.9457,2.0000,0.0000,0.0000,3.0000,5.0000,2.1710,2.0000,3.0000,48828,107.0318,30004752.8464,0.0000
883,3.0000,2.0000,7.0000,4.0000,2.0000,1.0000,1.0000,1.0000,19.0000,0.8813,0.9339,2.0000,0.0000,0.0000,3.0000,5.0000,2.2464,2.0000,2.0000,48828,107.2168,44719155.7660,0.0000
885,3.0000,1.0000,7.0000,6.0000,1.0000,5.0000,0.0000,3.0000,21.0000,0.8813,0.9378,2.0000,0.0000,0.0000,5.0000,7.0000,2.6464,1.4286,1.0000,48828,107.0318,30004756.6775,0.0000
887,3.0000,1.0000,8.0000,4.0000,3.0000,1.0000,2.0000,5.0000,23.0000,0.7219,0.9515,2.0000,0.0000,0.0000,3.0000,5.0000,2.1710,2.0000,1.0000,48828,114.8425,81062366.8353,0.0000
889,4.0000,2.0000,7.0000,4.0000,1.0000,2.0000,1.0000,7.0000,25.0000,0.8813,0.9911,2.0000,0.0000,0.0000,3.0000,5.0000,2.1219,2.0000,2.0000,48828,130.1336,435171549.4313,0.0000
891,4.0000,1.0000,8.0000,4.0000,2.0000,1.0000,0.0000,0.0000,0.0000,0.7219,0.9863,2.0000,0.0000,0.0000,3.0000,5.0000,2.1219,2.0000,1.0000,48828,129.8648,300861553.4171,0.0000
893,5.0000,1.0000,8.0000,4.0000,1.0000,3.0000,2.0000,2.0000,2.0000,0.7219,0.9747,2.0000,0.0000,0.0000,3.0000,5.0000,1.9610,2.0000,1.0000,48828,122.1630,115288663.8282,0.0000
895,7.0000,1.0000,9.0000,2.0000,7.0000,1.0000,1.0000,4.0000,4.0000,0.4690,1.0140,2.0000,0.0000,0.0000,3.0000,3.0000,1.1568,3.3333,1.0000,48828,137.7271,1033817512.1362,0.0000
897,3.0000,6.0000,4.0000,2.0000,1.0000,2.0000,0.0000,6.0000,6.0000,0.9710,0.9608,3.0000,0.0000,0.0000,2.0000,3.0000,1.2955,3.3333,6.0000,48828,122.5051,164166726.7060,0.0000
899,3.0000,5.0000,5.0000,2.0000,2.0000,1.0000,2.0000,8.0000,8.0000,1.0000,0.9571,3.0000,0.0000,0.0000,2.0000,3.0000,1.4855,3.3333,5.0000,48828,114.5197,63289222.3964,0.0000
901,3.0000,4.0000,5.0000,4.0000,1.0000,4.0000,1.0000,1.0000,10.0000,1.0000,0.9789,3.0000,0.0000,0.0000,4.0000,5.0000,2.0464,2.0000,4.0000,48828,122.3735,148776428.0709,0.0000
903,3.0000,4.0000,6.0000,2.0000,3.0000,1.0000,0.0000,3.0000,12.0000,0.9710,0.9632,3.0000,0.0000,0.0000,2.0000,3.0000,1.5710,3.3333,4.0000,48828,114.5197,80728352.3138,0.0000
905,3.0000,3.0000,5.0000,4.0000,1.0000,2.0000,2.0000,5.0000,14.0000,1.0000,0.9862,3.0000,0.0000,0.0000,3.0000,5.0000,2.1710,2.0000,3.0000,48828,129.8630,325611018.8973,0.0000
907,3.0000,3.0000,6.0000,4.0000,2.0000,1.0000,1.0000,7.0000,16.0000,0.9710,0.9931,3.0000,0.0000,0.0000,4.0000,5.0000,2.1710,2.0000,3.0000,48828,130.1726,402265580.0209,0.0000
909,3.0000,3.0000,6.0000,4.0000,1.0000,3.0000,0.0000,0.0000,18.0000,0.9710,0.9007,3.0000,0.0000,0.0000,3.0000,5.0000,2.1710,2.0000,3.0000,48828,92.0202,25450460.3943,0.0000
911,4.0000,3.0000,7.0000,2.0000,4.0000,1.0000,2.0000,2.0000,20.0000,0.8813,0.9789,3.0000,0.0000,0.0000,2.0000,3.0000,1.5710,3.3333,3.0000,48828,122.3172,199050007.5756,0.0000
913,3.0000,3.0000,5.0000,4.0000,1.0000,2.0000,1.0000,4.0000,22.0000,1.0000,0.9387,3.0000,0.0000,0.0000,3.0000,5.0000,2.1710,2.0000,3.0000,48828,115.0459,56555062.9577,0.0000
915,3.0000,2.0000,6.0000,4.0000,2.0000,1.0000,0.0000,6.0000,24.0000,0.9710,0.9587,3.0000,0.0000,0.0000,3.0000,5.0000,2.2464,2.0000,2.0000,48828,115.0459,67732959.5589,0.0000
917,3.0000,2.0000,6.0000,6.0000,1.0000,6.0000,2.0000,8.0000,26.0000,0.9710,0.9460,3.0000,0.0000,0.0000,6.0000,7.0000,2.6464,1.4286,2.0000,48828,107.2264,32242049.5969,0.0000
919,3.0000,2.0000,7.0000,4.0000,3.0000,1.0000,1.0000,1.0000,1.0000,0.8813,0.9527,3.0000,0.0000,0.0000,4.0000,5.0000,2.1710,2.0000,2.0000,48828,107.3467,65021497.1516,0.0000
921,3.0000,2.0000,6.0000,4.0000,1.0000,2.0000,0.0000,3.0000,3.0000,0.9710,0.9340,3.0000,0.0000,0.0000,2.0000,5.0000,2.2464,2.0000,2.0000,48828,107.3467,37663751.2612,0.0000
923,3.0000,2.0000,7.0000,4.0000,2.0000,1.0000,2.0000,5.0000,5.0000,0.8813,0.9884,3.0000,0.0000,0.0000,3.0000,5.0000,2.2464,2.0000,2.0000,48828,122.6391,202117278.1430,0.0000
925,3.0000,2.0000,7.0000,4.0000,1.0000,3.0000,1.0000,7.0000,7.0000,0.8813,0.9733,3.0000,0.0000,0.0000,3.0000,5.0000,2.1710,2.0000,2.0000,48828,122.3913,109421012.8467,0.0000
927,5.0000,2.0000,8.0000,2.0000,5.0000,1.0000,0.0000,0.0000,9.0000,0.7219,1.0001,3.0000,0.0000,0.0000,2.0000,3.0000,1.4855,3.3333,2.0000,48828,130.1425,376000760.6722,0.0000
929,3.0000,4.0000,5.0000,4.0000,1.0000,2.0000,2.0000,2.0000,11.0000,1.0000,0.9474,3.0000,0.0000,0.0000,4.0000,5.0000,2.0464,2.0000,4.0000,48828,115.1949,54123549.6485,0.0000
931,3.0000,3.0000,6.0000,4.0000,2.0000,1.0000,1.0000,4.0000,13.0000,0.9710,0.9479,3.0000,0.0000,0.0000,4.0000,5.0000,2.1710,2.0000,3.0000,48828,107.2264,44303945.4564,0.0000
933,3.0000,2.0000,6.0000,6.0000,1.0000,4.0000,0.0000,6.0000,15.0000,0.9710,0.9787,3.0000,0.0000,0.0000,4.0000,7.0000,2.6464,1.4286,2.0000,48828,122.4078,141040314.2833,0.0000
935,3.0000,2.0000,7.0000,4.0000,3.0000,1.0000,2.0000,8.0000,17.0000,0.8813,0.9866,3.0000,0.0000,0.0000,4.0000,5.0000,2.1710,2.0000,2.0000,48828,130.2372,321437203.4340,0.0000
937,3.0000,2.0000,6.0000,6.0000,1.0000,2.0000,1.0000,1.0000,19.0000,0.9710,1.0082,3.0000,0.0000,0.0000,6.0000,7.0000,2.6464,1.4286,2.0000,48828,137.9966,1066423841.2686,0.0000
939,3.0000,1.0000,7.0000,6.0000,2.0000,1.0000,0.0000,3.0000,21.0000,0.8813,0.9666,3.0000,0.0000,0.0000,7.0000,7.0000,2.6464,1.4286,1.0000,48828,122.8891,188548597.9816,0.0000
941,3.0000,1.0000,7.0000,6.0000,1.0000,3.0000,2.0000,5.0000,23.0000,0.8813,0.9685,3.0000,0.0000,0.0000,5.0000,7.0000,2.6464,1.4286,1.0000,48828,122.6206,101781431.9087,0.0000
943,4.0000,1.0000,8.0000,4.0000,4.0000,1.0000,1.0000,7.0000,25.0000,0.7219,0.9746,3.0000,0.0000,0.0000,5.0000,5.0000,2.0464,2.0000,1.0000,48828,114.8684,107034104.6213,0.0000
945,3.0000,3.0000,6.0000,4.0000,1.0000,2.0000,0.0000,0.0000,0.0000,0.9710,0.9054,3.0000,0.0000,0.0000,3.0000,5.0000,2.1710,2.0000,3.0000,48828,99.5420,27513121.6636,0.0000
947,3.0000,2.0000,7.0000,4.0000,2.0000,1.0000,2.0000,2.0000,2.0000,0.8813,0.9286,3.0000,0.0000,0.0000,3.0000,5.0000,2.2464,2.0000,2.0000,48828,99.5420,39862953.0096,0.0000
949,3.0000,1.0000,7.0000,6.0000,1.0000,5.0000,1.0000,4.0000,4.0000,0.8813,0.9352,3.0000,0.0000,0.0000,5.0000,7.0000,2.6464,1.4286,1.0000,48828,107.0518,32413330.0333,0.0000
951,3.0000,1.0000,8.0000,4.0000,3.0000,1.0000,0.0000,6.0000,6.0000,0.7219,0.9679,3.0000,0.0000,0.0000,3.0000,5.0000,2.1710,2.0000,1.0000,48828,114.8445,89166736.1981,0.0000
953,3.0000,2.0000,7.0000,4.0000,1.0000,2.0000,2.0000,8.0000,8.0000,0.8813,0.9497,3.0000,0.0000,0.0000,3.0000,5.0000,2.1710,2.0000,2.0000,48828,114.8359,54112091.5999,0.0000
955,3.0000,1.0000,8.0000,4.0000,2.0000,1.0000,1.0000,1.0000,10.0000,0.7219,0.9543,3.0000,0.0000,0.0000,3.0000,5.0000,2.1710,2.0000,1.0000,48828,114.8359,66867156.6547,0.0000
957,4.0000,1.0000,8.0000,4.0000,1.0000,3.0000,0.0000,3.0000,12.0000,0.7219,0.9926,3.0000,0.0000,0.0000,3.0000,5.0000,2.0464,2.0000,1.0000,48828,129.9781,362559250.7567,0.0000
959,6.0000,1.0000,9.0000,2.0000,6.0000,1.0000,2.0000,5.0000,14.0000,0.4690,1.0120,3.0000,0.0000,0.0000,3.0000,3.0000,1.2955,3.3333,1.0000,48828,137.5767,1024426364.7043,0.0000
961,4.0000,5.0000,5.0000,2.0000,1.0000,2.0000,1.0000,7.0000,16.0000,1.0000,0.9431,4.0000,0.0000,0.0000,2.0000,3.0000,1.3610,3.3333,5.0000,48828,114.7440,53190915.0342,0.0000
963,4.0000,4.0000,6.0000,2.0000,2.0000,1.0000,0.0000,0.0000,18.0000,0.9710,0.9842,4.0000,0.0000,0.0000,2.0000,3.0000,1.5219,3.3333,4.0000,48828,122.5589,195065524.0560,0.0000
965,4.0000,3.0000,6.0000,4.0000,1.0000,4.0000,2.0000,2.0000,20.0000,0.9710,0.9110,4.0000,0.0000,0.0000,4.0000,5.0000,2.0464,2.0000,3.0000,48828,99.6698,27206558.3840,0.0000
967,4.0000,3.0000,7.0000,2.0000,3.0000,1.0000,1.0000,4.0000,22.0000,0.8813,0.9867,4.0000,0.0000,0.0000,2.0000,3.0000,1.5710,3.3333,3.0000,48828,130.1437,529511455.6161,0.0000
969,4.0000,2.0000,6.0000,4.0000,1.0000,2.0000,0.0000,6.0000,24.0000,0.9710,0.9794,4.0000,0.0000,0.0000,3.0000,5.0000,2.1219,2.0000,2.0000,48828,122.5983,119597587.5648,0.0000
971,4.0000,2.0000,7.0000,4.0000,2.0000,1.0000,2.0000,8.0000,26.0000,0.8813,0.9322,4.0000,0.0000,0.0000,4.0000,5.0000,2.1219,2.0000,2.0000,48828,107.2220,43037454.8523,0.0000
973,4.0000,2.0000,7.0000,4.0000,1.0000,3.0000,1.0000,1.0000,1.0000,0.8813,0.9453,4.0000,0.0000,0.0000,3.0000,5.0000,2.1219,2.0000,2.0000,48828,114.6781,44763192.2393,0.0000
975,4.0000,2.0000,8.0000,2.0000,4.0000,1.0000,0.0000,3.0000,3.0000,0.7219,0.9830,4.0000,0.0000,0.0000,2.0000,3.0000,1.5219,3.3333,2.0000,48828,122.5138,155007629.5136,0.0000
977,4.0000,3.0000,6.0000,4.0000,1.0000,2.0000,2.0000,5.0000,5.0000,0.9710,0.9453,4.0000,0.0000,0.0000,4.0000,5.0000,2.0464,2.0000,3.0000,48828,114.6781,44763195.7132,0.0000
979,4.0000,2.0000,7.0000,4.0000,2.0000,1.0000,1.0000,7.0000,7.0000,0.8813,0.9928,4.0000,0.0000,0.0000,4.0000,5.0000,2.1219,2.0000,2.0000,48828,129.9592,408255761.4232,0.0000
981,4.0000,1.0000,7.0000,6.0000,1.0000,7.0000,0.0000,0.0000,9.0000,0.8813,0.9637,4.0000,0.0000,0.0000,7.0000,7.0000,2.5219,1.4286,1.0000,48828,107.3142,32274075.5761,0.0000
983,4.0000,1.0000,8.0000,4.0000,3.0000,1.0000,2.0000,2.0000,11.0000,0.7219,1.0026,4.0000,0.0000,0.0000,5.0000,5.0000,2.0464,2.0000,1.0000,48828,129.8974,289513760.9501,0.0000
985,4.0000,2.0000,7.0000,4.0000,1.0000,2.0000,1.0000,4.0000,13.0000,0.8813,0.9391,4.0000,0.0000,0.0000,3.0000,5.0000,2.1219,2.0000,2.0000,48828,99.6698,30287830.9356,0.0000
987,4.0000,1.0000,8.0000,4.0000,2.0000,1.0000,0.0000,6.0000,15.0000,0.7219,0.9793,4.0000,0.0000,0.0000,3.0000,5.0000,2.1219,2.0000,1.0000,48828,122.5609,141760731.2367,0.0000
989,4.0000,1.0000,8.0000,4.0000,1.0000,3.0000,2.0000,8.0000,17.0000,0.7219,0.9449,4.0000,0.0000,0.0000,3.0000,5.0000,2.0464,2.0000,1.0000,48828,114.5132,47124911.3593,0.0000
991,5.0000,1.0000,9.0000,2.0000,5.0000,1.0000,1.0000,1.0000,19.0000,0.4690,0.9976,4.0000,0.0000,0.0000,3.0000,3.0000,1.3610,3.3333,1.0000,48828,130.0307,336197588.5232,0.0000
993,5.0000,4.0000,6.0000,2.0000,1.0000,2.0000,0.0000,3.0000,21.0000,0.9710,0.9866,5.0000,0.0000,0.0000,2.0000,3.0000,1.3610,3.3333,4.0000,48828,130.1264,456626297.1317,0.0000
995,5.0000,3.0000,7.0000,2.0000,2.0000,1.0000,2.0000,5.0000,23.0000,0.8813,0.9637,5.0000,0.0000,0.0000,2.0000,3.0000,1.4855,3.3333,3.0000,48828,107.3142,44337370.5925,0.0000
997,5.0000,2.0000,7.0000,4.0000,1.0000,4.0000,1.0000,7.0000,25.0000,0.8813,0.9548,5.0000,0.0000,0.0000,4.0000,5.0000,1.9610,2.0000,2.0000,48828,114.5555,459070474.2523,0.0000
999,5.0000,2.0000,8.0000,2.0000,3.0000,1.0000,0.0000,0.0000,0.0000,0.7219,0.9878,5.0000,0.0000,0.0000,2.0000,3.0000,1.4855,3.3333,2.0000,48828,122.2489,160254649.4205,0.0000
1001,5.0000,2.0000,7.0000,4.0000,1.0000,2.0000,2.0000,2.0000,2.0000,0.8813,1.0078,5.0000,0.0000,0.0000,4.0000,5.0000,1.9610,2.0000,2.0000,48828,137.6754,932678840.9629,0.0000
1003,5.0000,1.0000,8.0000,4.0000,2.0000,1.0000,1.0000,4.0000,4.0000,0.7219,0.9907,5.0000,0.0000,0.0000,5.0000,5.0000,1.9610,2.0000,1.0000,48828,129.9209,312393055.5338,0.0000
1005,5.0000,1.0000,8.0000,4.0000,1.0000,3.0000,0.0000,6.0000,6.0000,0.7219,0.9674,5.0000,0.0000,0.0000,3.0000,5.0000,1.9610,2.0000,1.0000,48828,122.1455,518766218.4351,0.0000
1007,5.0000,1.0000,9.0000,2.0000,4.0000,1.0000,2.0000,8.0000,8.0000,0.4690,0.9998,5.0000,0.0000,0.0000,3.0000,3.0000,1.3610,3.3333,1.0000,48828,129.8736,354895943.4947,0.0000
1009,6.0000,3.0000,7.0000,2.0000,1.0000,2.0000,1.0000,1.0000,10.0000,0.8813,0.9641,6.0000,0.0000,0.0000,2.0000,3.0000,1.2955,3.3333,3.0000,48828,115.0254,49330766.9719,0.0000
1011,6.0000,2.0000,8.0000,2.0000,2.0000,1.0000,0.0000,3.0000,12.0000,0.7219,0.9676,6.0000,0.0000,0.0000,2.0000,3.0000,1.3710,3.3333,2.0000,48828,122.2846,541269400.7700,0.0000
1013,6.0000,1.0000,8.0000,4.0000,1.0000,5.0000,2.0000,5.0000,14.0000,0.7219,0.9920,6.0000,0.0000,0.0000,5.0000,5.0000,1.7710,2.0000,1.0000,48828,122.8706,102089196.8498,0.0000
1015,6.0000,1.0000,9.0000,2.0000,3.0000,1.0000,1.0000,7.0000,16.0000,0.4690,0.9729,6.0000,0.0000,0.0000,3.0000,3.0000,1.2955,3.3333,1.0000,48828,122.4020,142181564.8948,0.0000
1017,7.0000,2.0000,8.0000,2.0000,1.0000,2.0000,0.0000,0.0000,18.0000,0.7219,0.9862,7.0000,0.0000,0.0000,2.0000,3.0000,1.1568,3.3333,2.0000,48828,129.9935,926534824.6921,0.0000
1019,7.0000,1.0000,9.0000,2.0000,2.0000,1.0000,2.0000,2.0000,20.0000,0.4690,0.9862,7.0000,0.0000,0.0000,3.0000,3.0000,1.1568,3.3333,1.0000,48828,129.9851,283164672.8152,0.0000
1021,8.0000,1.0000,9.0000,2.0000,1.0000,3.0000,1.0000,4.0000,22.0000,0.4690,1.0140,8.0000,0.0000,0.0000,3.0000,3.0000,0.9219,3.3333,1.0000,48828,138.1314,1475417904.1076,0.0000
1023,10.0000,0.0000,10.0000,0.0000,10.0000,1.0000,0.0000,6.0000,24.0000,0.0000,1.0423,10.0000,0.0000,0.0000,1.0000,1.0000,0.0000,10.0000,0.0000,48828,153.4287,13763270086.4121,0.0000
